Workbook

Sheet README
A1: RU Relief - demo dataset
A2: Built 2026-10-10 for HackRU. Rutgers-New Brunswick only: College Avenue, Busch, Livingston, Cook/Douglass.
A4: READ THIS FIRST
A5: REAL | B5: Location names, hours, swipe policy ($10 value, 3/day), RU Express acceptance, health-center and nurse-line contacts. Checked against Rutgers pages on 2026-10-10 (see Sources).
A6: SIMULATED | B6: ALL inventory, confidence levels, reports, reservations, pickup codes. They describe a PROPOSED campus health-supply program.
A7: NOT TRUE TODAY | B7: No listed location is known to sell medicine, and meal swipes cannot buy medicine as far as I could verify. Never present this data as Rutgers' real stock. Label it in the demo.
A8: Known gaps | B8: 1) Cook Cafe: location and hours unverified (missing from the current Rutgers Dining hours page) and no coordinates. 2) Coordinates are approximate (Henry's Diner and Woody's embeds are zoomed out). 3) Weekend hours for Cafe West, Kilmer's, Henry's, Harvest, Woody's and Douglass are not listed by Rutgers (left blank). 4) Product caution text is general OTC knowledge, not reviewed by a pharmacist.
A9: Left out on purpose | B9: Condoms and emergency contraception (RU Wrapped already covers them; easy to add). Pharmacies and off-campus stores (your scope). Dorm lists (privacy). Stockout history (you chose none). Delivery and couriers (you faded them). Real bus times (use Rutgers bus data/Google Maps API).
A10: How to demo time passing | B10: Edit Config!B2 (DEMO_NOW). Reports older than their validity turn 'Stale report', reservations auto-expire, and Admin_Summary updates.
A11: Size | B11: 8 locations, 28 products, 224 inventory rows (144 proposed, rest 'Not stocked in proposal'), 20 reports, 10 reservations, 12 scenarios.
A12: Colors | B12: Blue text = input values. Black = formulas. Green = lookups from another sheet. Yellow fill = edit me. Header row is row 1 on data sheets so you can import them straight into SQLite/Flask.
A14: Tabs
A15: Config | B15: Demo clock, validity windows, reservation length, geofence radius, swipe policy numbers, suggested ranking weights.
A16: Locations | B16: 8 real retail locations with hours and swipe info.
A17: Products | B17: 28 branded OTC items with plain-language definitions.
A18: Inventory | B18: 224 simulated stock records with confidence and expiry formulas.
A19: Verification_Reports | B19: 20 sample reports with geofence and photo review outcomes.
A20: Reservations | B20: 10 sample holds with 75-minute auto-expiry.
A21: Distance_Matrix | B21: Straight-line distance and rough walk time between locations.
A22: Admin_Summary | B22: Counts by zone, restock alerts, stale reports, reservation states.
A23: Scenarios | B23: 12 demo scripts tied to specific records.
A24: Health_Escalation | B24: Real Rutgers contacts for the app's 'get real help' path.
A25: Sources | B25: Where each real fact came from.
A26: Codebook | B26: Every field: meaning, allowed values, and whether it is verified, simulated or derived.

Sheet Config
A1: parameter | B1: value | C1: unit | D1: basis | E1: status | G1: Yellow cells with blue text are the inputs to edit. Everything else recalculates.
A2: DEMO_NOW (simulated current time) | B2: 46308.625 | C2: datetime | D2: Fixed demo clock (a Tuesday, 3:00 PM). Change it to watch reports go stale and reservations expire. | E2: Demo setting
A3: student_report_validity_min | B3: 60 | C3: minutes | D3: Student report stays trusted for 60 minutes (value recommended in the ChatGPT planning notes; no objection recorded). | E3: Proposed default
A4: staff_report_validity_min | B4: 240 | C4: minutes | D4: Staff report stays trusted for 4 hours (same source). | E4: Proposed default
A5: reservation_minutes | B5: 75 | C5: minutes | D5: You asked for 60-90 minutes; 75 is the midpoint. | E5: Proposed default
A6: geofence_radius_m | B6: 150 | C6: meters | D6: Distance within which a student's phone location must be to confirm a report. My assumption; tune with real GPS error. | E6: Assumption
A7: meal_swipe_retail_value_usd | B7: 10 | C7: USD | D7: Rutgers retail policy: a meal swipe at retail is a $10 meal value. | E7: Verified (food.rutgers.edu/policies/retail)
A8: retail_swipe_daily_limit | B8: 3 | C8: swipes/day | D8: Rutgers retail policy: 3 swipes/day across retail and dining-hall takeout. | E8: Verified (same page)
A9: walking_speed_kmh | B9: 4.8 | C9: km/h | D9: Typical walking pace used for the rough walk-time estimate. Replace with Google Maps API times. | E9: Assumption
A10: route_detour_factor | B10: 1.3 | C10: multiplier | D10: Straight-line distance x 1.3 approximates a walking route. Replace with Google Maps API. | E10: Assumption
A11: weight_availability | B11: 0.4 | C11: weight | D11: Suggested ranking weights for the app (not used by formulas in this workbook). | E11: Suggested default
A12: weight_confidence | B12: 0.25 | C12: weight | D12: Same. | E12: Suggested default
A13: weight_proximity | B13: 0.2 | C13: weight | D13: Same. | E13: Suggested default
... A15: stale_penalty | B15: 0.2 | C15: score deduction | D15: Subtract from a result's score when its report is stale. | E15: Suggested default

Sheet Locations
A1: location_id | B1: location_name | C1: campus_zone | D1: site_description | E1: latitude | F1: longitude | G1: coordinate_note | H1: location_type | I1: meal_swipe_eligible_today | J1: ru_express_accepted_today | K1: swipe_notes | L1: hours_basis | M1: mon_thu_open | N1: mon_thu_close | O1: fri_open | P1: fri_close | Q1: sat_open | R1: sat_close | S1: sun_open | T1: sun_close | U1: proposed_health_section | V1: reservation_supported | W1: staff_verification_supported | X1: student_verification_supported | Y1: product_tier | Z1: verification_notes
A2: L01 | B2: The Atrium | C2: College Avenue | D2: College Avenue Student Center (lower level), 126 College Ave | E2: 40.502873 | F2: -74.45482 | G2: Google Maps embed on Rutgers Dining page (approx.) | H2: Retail food court | I2: Yes | J2: Yes | K2: Up to 3 swipes before 9 PM that do not count toward the daily retail limit; after 9 PM swipes count toward the 3/day retail limit. | L2: Dine-in and takeout share the same hours. | M2: 07:00 | N2: 24:00 | O2: 07:00 | P2: 21:00 | Q2: 09:30 | R2: 20:00 | S2: 09:30 | T2: 20:00 | U2: Proposed (not available today) | V2: Prototype | W2: Yes (prototype) | X2: Yes (prototype) | Y2: Full | Z2: Hours and swipe policy checked on food.rutgers.edu 2026-10-10.
A3: L02 | B3: Cafe West | C3: College Avenue | D3: Academic Building west wing, College Ave campus | E3: 40.502116 | F3: -74.448503 | G3: Google Maps embed on Rutgers Dining page (approx.) | H3: Cafe | I3: Yes | J3: Yes | K3: Retail swipe: $10 meal value, 3/day across retail and dining-hall takeout. | L3: Weekend hours not listed by Rutgers Dining (a Daily Targum editorial says closed on weekends). | M3: 09:00 | N3: 23:00 | O3: 09:00 | P3: 20:00 | U3: Proposed (not available today) | V3: Prototype | W3: Yes (prototype) | X3: Yes (prototype) | Y3: Full | Z3: Building description comes from a Daily Targum editorial, not from Rutgers Dining.
A4: L03 | B4: Kilmer's Market | C4: Livingston | D4: Livingston campus (exact building not stated on Rutgers Dining page) | E4: 40.525739 | F4: -74.438777 | G4: Google Maps embed on Rutgers Dining page (approx.) | H4: Retail market | I4: Yes | J4: Yes | K4: Retail swipe: $10 meal value, 3/day. Rutgers says swipes are accepted all day. | L4: Weekend hours not listed by Rutgers Dining. | M4: 11:00 | N4: 23:00 | O4: 11:00 | P4: 21:00 | U4: Proposed (not available today) | V4: Prototype | W4: Yes (prototype) | X4: Yes (prototype) | Y4: Full | Z4: Rutgers Dining says Kilmer's sells toiletries, school supplies and grocery items today; it does not list medicine. Online ordering recommended by Rutgers.
A5: L04 | B5: Henry's Diner | C5: Livingston | D5: The Plaza at Livingston | E5: 40.528617 | F5: -74.445004 | G5: Google Maps embed on Rutgers Dining page (zoomed out; lower precision) | H5: Diner | I5: Yes | J5: Yes | K5: Retail swipe: $10 meal value, 3/day. Rutgers says swipes accepted at all times. | L5: Takeout window shown (10:00-18:00 weekdays); dine-in is 11:00-18:00. | M5: 10:00 | N5: 18:00 | O5: 10:00 | P5: 18:00 | U5: Proposed (not available today) | V5: Prototype | W5: Yes (prototype) | X5: Yes (prototype) | Y5: Core | Z5: Weekdays only.
A6: L05 | B6: Harvest Juice Bar | C6: Busch | D6: Busch Student Center, 604 Bartholomew Rd | E6: 40.523332 | F6: -74.460857 | G6: Google Maps embed on Rutgers Dining page (approx.) | H6: Juice bar / snacks | I6: Yes | J6: Yes | K6: Retail swipe: $10 meal value, 3/day. | L6: Weekdays only. | M6: 10:00 | N6: 15:30 | O6: 10:00 | P6: 15:30 | U6: Proposed (not available today) | V6: Prototype | W6: Yes (prototype) | X6: Yes (prototype) | Y6: Core | Z6: Small counter; the least realistic site for a shelf (kept because it was in the agreed location list).
A7: L06 | B7: Woody's Cafe | C7: Busch | D7: Kessler Teaching Building | E7: 40.524487 | F7: -74.468668 | G7: Google Maps embed on Rutgers Dining page (zoomed out; lower precision) | H7: Cafe | I7: Yes | J7: Yes | K7: Retail swipe: $10 meal value, 3/day. | L7: Weekdays only. | M7: 07:30 | N7: 18:00 | O7: 07:30 | P7: 18:00 | U7: Proposed (not available today) | V7: Prototype | W7: Yes (prototype) | X7: Yes (prototype) | Y7: Core | Z7: Reddit users (per the ChatGPT research notes) mentioned limited supplies here; not verified by this workbook.
A8: L07 | B8: Cook Cafe | C8: Cook/Douglass | D8: UNVERIFIED: assumed Cook Student Center, 59 Biel Rd | G8: NO COORDINATES - geocode with Google Maps API once the location is confirmed | H8: Cafe | I8: Yes | J8: Yes | K8: Listed as meal-swipe eligible on the Rutgers retail policy page and as accepting RU Express (Feb 2026 list). | L8: UNVERIFIED: Cook Cafe is not on the current Rutgers Dining hours page. Cook Student Center itself is open 12:00-24:00 daily (verified). | U8: Proposed (not available today) | V8: Prototype | W8: Yes (prototype) | X8: Yes (prototype) | Y8: Core | Z8: Conflicting sources: retail policy page and RU Express list include it; the hours page does not. Confirm it is still operating before the demo.
A9: L08 | B9: Douglass Cafe | C9: Cook/Douglass | D9: Douglass Student Center, 100 George St | E9: 40.484728 | F9: -74.436627 | G9: Google Maps embed on Rutgers Dining page (Douglass Student Center) | H9: Cafe | I9: Yes | J9: Yes | K9: Retail swipe: $10 meal value, 3/day. | L9: Weekend hours not listed by Rutgers Dining. | M9: 08:00 | N9: 21:00 | O9: 08:00 | P9: 16:00 | U9: Proposed (not available today) | V9: Prototype | W9: Yes (prototype) | X9: Yes (prototype) | Y9: Core | Z9: Hours checked on food.rutgers.edu 2026-10-10.

Sheet Products
A1: product_id | B1: product_name | C1: category | D1: active_ingredient_or_type | E1: simple_definition | F1: typical_use | G1: label_caution | H1: product_tier | I1: quantity_limit_per_transaction | J1: requires_staff_assistance | K1: retail_swipe_status | L1: data_basis
A2: P01 | B2: Tylenol Extra Strength | C2: Pain & fever | D2: Acetaminophen | E2: Pain reliever and fever reducer | F2: Headaches, body aches, and fever | G2: Liver warning: do not combine with other acetaminophen products. | H2: Core | I2: 1 package | J2: No | K2: proposed_pending_approval | L2: Standard OTC label basics; confirm against the current package and a pharmacist before real use.
A3: P02 | B3: Advil | C3: Pain & fever | D3: Ibuprofen (NSAID) | E3: Pain reliever and fever reducer | F3: Headaches, muscle pain, menstrual cramps, and fever | G3: Can irritate the stomach. Ask a pharmacist if you take blood thinners or have stomach, kidney, or heart conditions. | H3: Core | I3: 1 package | J3: No | K3: proposed_pending_approval | L3: Standard OTC label basics; confirm against the current package and a pharmacist before real use.
A4: P03 | B4: Aleve | C4: Pain & fever | D4: Naproxen sodium (NSAID) | E4: Longer-lasting NSAID pain reliever | F4: Aches, cramps, and minor joint pain | G4: Can irritate the stomach. Ask a pharmacist if you take blood thinners or have stomach, kidney, or heart conditions. | H4: Extended | I4: 1 package | J4: No | K4: proposed_pending_approval | L4: Standard OTC label basics; confirm against the current package and a pharmacist before real use.
A5: P04 | B5: Excedrin Migraine | C5: Pain & fever | D5: Acetaminophen + aspirin + caffeine | E5: Combination headache reliever | F5: Headaches, including migraine | G5: Contains aspirin and caffeine. Check the label for age limits and allergies. | H5: Extended | I5: 1 package | J5: No | K5: proposed_pending_approval | L5: Standard OTC label basics; confirm against the current package and a pharmacist before real use.
A6: P05 | B6: Halls Mentho-Lyptus | C6: Cold & cough | D6: Menthol throat lozenge | E6: Throat lozenge (cough drop) | F6: Temporary relief of a sore or irritated throat and cough | G6: Follow label directions. | H6: Core | I6: 2 bags | J6: No | K6: proposed_pending_approval | L6: Standard OTC label basics; confirm against the current package and a pharmacist before real use.
A7: P06 | B7: Ricola Original Natural Herb | C7: Cold & cough | D7: Herbal throat lozenge | E7: Herbal throat lozenge (cough drop) | F7: Soothing a scratchy throat | G7: Follow label directions. | H7: Extended | I7: 2 bags | J7: No | K7: proposed_pending_approval | L7: Standard OTC label basics; confirm against the current package and a pharmacist before real use.
A8: P07 | B8: Chloraseptic Sore Throat Spray | C8: Cold & cough | D8: Phenol (oral anesthetic) spray | E8: Numbing throat spray | F8: Short-term sore throat pain relief | G8: Follow label directions. | H8: Extended | I8: 1 bottle | J8: No | K8: proposed_pending_approval | L8: Standard OTC label basics; confirm against the current package and a pharmacist before real use.
A9: P08 | B9: Mucinex | C9: Cold & cough | D9: Guaifenesin (expectorant) | E9: Expectorant that helps loosen mucus | F9: Chest congestion and mucus | G9: Check the label if you take other cold products with the same ingredient. | H9: Core | I9: 1 package | J9: No | K9: proposed_pending_approval | L9: Standard OTC label basics; confirm against the current package and a pharmacist before real use.
A10: P09 | B10: Robitussin DM | C10: Cold & cough | D10: Dextromethorphan + guaifenesin | E10: Cough suppressant plus expectorant | F10: Coughing and chest congestion | G10: Do not combine with other cough or cold products that share these ingredients. | H10: Extended | I10: 1 bottle | J10: No | K10: proposed_pending_approval | L10: Standard OTC label basics; confirm against the current package and a pharmacist before real use.
A11: P10 | B11: Simply Saline Nasal Mist | C11: Cold & cough | D11: Sodium chloride nasal spray | E11: Saltwater nasal spray | F11: Dry or stuffy nose | G11: Follow label directions. | H11: Extended | I11: 1 bottle | J11: No | K11: proposed_pending_approval | L11: Standard OTC label basics; confirm against the current package and a pharmacist before real use.
A12: P11 | B12: Claritin | C12: Allergy | D12: Loratadine | E12: Antihistamine allergy medicine (generally less drowsy) | F12: Sneezing, runny nose, and itchy eyes | G12: Follow label directions; ask a pharmacist if you take other medicines. | H12: Core | I12: 1 package | J12: No | K12: proposed_pending_approval | L12: Standard OTC label basics; confirm against the current package and a pharmacist before real use.
... A29: P28 | B29: Disposable face masks (brand varies) | C29: Menstrual & hygiene | D29: Device | E29: Face coverings | F29: Reducing exposure to respiratory droplets | G29: Follow label directions. | H29: Extended | I29: 1 pack | J29: No | K29: proposed_pending_approval | L29: Standard OTC label basics; confirm against the current package and a pharmacist before real use.

Sheet Inventory
A1: inventory_id | B1: location_id | C1: location_name | D1: campus_zone | E1: product_id | F1: product_name | G1: category | H1: proposed_to_stock | I1: availability_status | J1: quantity_band | K1: reported_confidence | L1: last_verified | M1: minutes_since_verified | N1: validity_minutes | O1: effective_confidence | P1: reservable | Q1: retail_swipe_status | R1: payment_options | S1: quantity_limit | T1: reservation_minutes | U1: requires_staff_assistance | V1: data_label
A2: INV-001 | B2: L01 | C2: =INDEX(Locations!$B$2:$B$9,MATCH($B2,Locations!$A$2:$A$9,0)) -> The Atrium | D2: =INDEX(Locations!$C$2:$C$9,MATCH($B2,Locations!$A$2:$A$9,0)) -> College Avenue | E2: P01 | F2: =INDEX(Products!$B$2:$B$29,MATCH($E2,Products!$A$2:$A$29,0)) -> Tylenol Extra Strength | G2: =INDEX(Products!$C$2:$C$29,MATCH($E2,Products!$A$2:$A$29,0)) -> Pain & fever | H2: Yes | I2: Available | J2: =IF(H2="No","-",IF(I2="Available","Good supply",IF(I2="Low stock","Few left",IF(I2="Out of stock","None",IF(I2="Temporarily unavailable","Unavailable","Unknown"))))) -> Good supply | K2: Staff verified | L2: 46308.594 | M2: =IF(L2="","",ROUND((Config!$B$2-L2)*1440,0)) -> 45 | N2: =IF(K2="Staff verified",Config!$B$4,IF(OR(K2="Authorized student verified",K2="Multiple student reports",K2="Single student report"),Config!$B$3,"")) -> 240 | O2: =IF(H2="No","n/a",IF(L2="","Unverified Data",IF(M2>N2,"Stale report",K2))) -> Staff verified | P2: =IF(AND(H2="Yes",OR(I2="Available",I2="Low stock")),IF(O2="Stale report","Verify first","Yes"),"No") -> Yes | Q2: =IF(H2="Yes","proposed_pending_approval","n/a") -> proposed_pending_approval | R2: =IF(H2="Yes","Retail swipe (proposed) / RU Express / Cash or card","n/a") -> Retail swipe (proposed) / RU Express / Cash or card | S2: =INDEX(Products!$I$2:$I$29,MATCH($E2,Products!$A$2:$A$29,0)) -> 1 package | T2: =IF(H2="Yes",Config!$B$5,"") -> 75 | U2: =INDEX(Products!$J$2:$J$29,MATCH($E2,Products!$A$2:$A$29,0)) -> No | V2: SIMULATED - proposed campus health-supply program
A3: INV-002 | B3: L01 | C3: =INDEX(Locations!$B$2:$B$9,MATCH($B3,Locations!$A$2:$A$9,0)) -> The Atrium | D3: =INDEX(Locations!$C$2:$C$9,MATCH($B3,Locations!$A$2:$A$9,0)) -> College Avenue | E3: P02 | F3: =INDEX(Products!$B$2:$B$29,MATCH($E3,Products!$A$2:$A$29,0)) -> Advil | G3: =INDEX(Products!$C$2:$C$29,MATCH($E3,Products!$A$2:$A$29,0)) -> Pain & fever | H3: Yes | I3: Out of stock | J3: =IF(H3="No","-",IF(I3="Available","Good supply",IF(I3="Low stock","Few left",IF(I3="Out of stock","None",IF(I3="Temporarily unavailable","Unavailable","Unknown"))))) -> None | K3: Verified student report | L3: 46308.617 | M3: =IF(L3="","",ROUND((Config!$B$2-L3)*1440,0)) -> 12 | N3: =IF(K3="Staff verified",Config!$B$4,IF(OR(K3="Authorized student verified",K3="Multiple student reports",K3="Single student report"),Config!$B$3,"")) | O3: =IF(H3="No","n/a",IF(L3="","Unverified Data",IF(M3>N3,"Stale report",K3))) -> Verified student report | P3: =IF(AND(H3="Yes",OR(I3="Available",I3="Low stock")),IF(O3="Stale report","Verify first","Yes"),"No") -> No | Q3: =IF(H3="Yes","proposed_pending_approval","n/a") -> proposed_pending_approval | R3: =IF(H3="Yes","Retail swipe (proposed) / RU Express / Cash or card","n/a") -> Retail swipe (proposed) / RU Express / Cash or card | S3: =INDEX(Products!$I$2:$I$29,MATCH($E3,Products!$A$2:$A$29,0)) -> 1 package | T3: =IF(H3="Yes",Config!$B$5,"") -> 75 | U3: =INDEX(Products!$J$2:$J$29,MATCH($E3,Products!$A$2:$A$29,0)) -> No | V3: SIMULATED - proposed campus health-supply program
A4: INV-003 | B4: L01 | C4: =INDEX(Locations!$B$2:$B$9,MATCH($B4,Locations!$A$2:$A$9,0)) -> The Atrium | D4: =INDEX(Locations!$C$2:$C$9,MATCH($B4,Locations!$A$2:$A$9,0)) -> College Avenue | E4: P03 | F4: =INDEX(Products!$B$2:$B$29,MATCH($E4,Products!$A$2:$A$29,0)) -> Aleve | G4: =INDEX(Products!$C$2:$C$29,MATCH($E4,Products!$A$2:$A$29,0)) -> Pain & fever | H4: Yes | I4: Available | J4: =IF(H4="No","-",IF(I4="Available","Good supply",IF(I4="Low stock","Few left",IF(I4="Out of stock","None",IF(I4="Temporarily unavailable","Unavailable","Unknown"))))) -> Good supply | K4: Verified student report | L4: 46308.61 | M4: =IF(L4="","",ROUND((Config!$B$2-L4)*1440,0)) -> 21 | N4: =IF(K4="Staff verified",Config!$B$4,IF(OR(K4="Authorized student verified",K4="Multiple student reports",K4="Single student report"),Config!$B$3,"")) | O4: =IF(H4="No","n/a",IF(L4="","Unverified Data",IF(M4>N4,"Stale report",K4))) -> Verified student report | P4: =IF(AND(H4="Yes",OR(I4="Available",I4="Low stock")),IF(O4="Stale report","Verify first","Yes"),"No") -> Yes | Q4: =IF(H4="Yes","proposed_pending_approval","n/a") -> proposed_pending_approval | R4: =IF(H4="Yes","Retail swipe (proposed) / RU Express / Cash or card","n/a") -> Retail swipe (proposed) / RU Express / Cash or card | S4: =INDEX(Products!$I$2:$I$29,MATCH($E4,Products!$A$2:$A$29,0)) -> 1 package | T4: =IF(H4="Yes",Config!$B$5,"") -> 75 | U4: =INDEX(Products!$J$2:$J$29,MATCH($E4,Products!$A$2:$A$29,0)) -> No | V4: SIMULATED - proposed campus health-supply program
A5: INV-004 | B5: L01 | C5: =INDEX(Locations!$B$2:$B$9,MATCH($B5,Locations!$A$2:$A$9,0)) -> The Atrium | D5: =INDEX(Locations!$C$2:$C$9,MATCH($B5,Locations!$A$2:$A$9,0)) -> College Avenue | E5: P04 | F5: =INDEX(Products!$B$2:$B$29,MATCH($E5,Products!$A$2:$A$29,0)) -> Excedrin Migraine | G5: =INDEX(Products!$C$2:$C$29,MATCH($E5,Products!$A$2:$A$29,0)) -> Pain & fever | H5: Yes | I5: Available | J5: =IF(H5="No","-",IF(I5="Available","Good supply",IF(I5="Low stock","Few left",IF(I5="Out of stock","None",IF(I5="Temporarily unavailable","Unavailable","Unknown"))))) -> Good supply | K5: Verified student report | L5: 46308.614 | M5: =IF(L5="","",ROUND((Config!$B$2-L5)*1440,0)) -> 16 | N5: =IF(K5="Staff verified",Config!$B$4,IF(OR(K5="Authorized student verified",K5="Multiple student reports",K5="Single student report"),Config!$B$3,"")) | O5: =IF(H5="No","n/a",IF(L5="","Unverified Data",IF(M5>N5,"Stale report",K5))) -> Verified student report | P5: =IF(AND(H5="Yes",OR(I5="Available",I5="Low stock")),IF(O5="Stale report","Verify first","Yes"),"No") -> Yes | Q5: =IF(H5="Yes","proposed_pending_approval","n/a") -> proposed_pending_approval | R5: =IF(H5="Yes","Retail swipe (proposed) / RU Express / Cash or card","n/a") -> Retail swipe (proposed) / RU Express / Cash or card | S5: =INDEX(Products!$I$2:$I$29,MATCH($E5,Products!$A$2:$A$29,0)) -> 1 package | T5: =IF(H5="Yes",Config!$B$5,"") -> 75 | U5: =INDEX(Products!$J$2:$J$29,MATCH($E5,Products!$A$2:$A$29,0)) -> No | V5: SIMULATED - proposed campus health-supply program
A6: INV-005 | B6: L01 | C6: =INDEX(Locations!$B$2:$B$9,MATCH($B6,Locations!$A$2:$A$9,0)) -> The Atrium | D6: =INDEX(Locations!$C$2:$C$9,MATCH($B6,Locations!$A$2:$A$9,0)) -> College Avenue | E6: P05 | F6: =INDEX(Products!$B$2:$B$29,MATCH($E6,Products!$A$2:$A$29,0)) -> Halls Mentho-Lyptus | G6: =INDEX(Products!$C$2:$C$29,MATCH($E6,Products!$A$2:$A$29,0)) -> Cold & cough | H6: Yes | I6: Available | J6: =IF(H6="No","-",IF(I6="Available","Good supply",IF(I6="Low stock","Few left",IF(I6="Out of stock","None",IF(I6="Temporarily unavailable","Unavailable","Unknown"))))) -> Good supply | K6: Verified student report | L6: 46308.597 | M6: =IF(L6="","",ROUND((Config!$B$2-L6)*1440,0)) -> 41 | N6: =IF(K6="Staff verified",Config!$B$4,IF(OR(K6="Authorized student verified",K6="Multiple student reports",K6="Single student report"),Config!$B$3,"")) | O6: =IF(H6="No","n/a",IF(L6="","Unverified Data",IF(M6>N6,"Stale report",K6))) -> Verified student report | P6: =IF(AND(H6="Yes",OR(I6="Available",I6="Low stock")),IF(O6="Stale report","Verify first","Yes"),"No") -> Yes | Q6: =IF(H6="Yes","proposed_pending_approval","n/a") -> proposed_pending_approval | R6: =IF(H6="Yes","Retail swipe (proposed) / RU Express / Cash or card","n/a") -> Retail swipe (proposed) / RU Express / Cash or card | S6: =INDEX(Products!$I$2:$I$29,MATCH($E6,Products!$A$2:$A$29,0)) -> 2 bags | T6: =IF(H6="Yes",Config!$B$5,"") -> 75 | U6: =INDEX(Products!$J$2:$J$29,MATCH($E6,Products!$A$2:$A$29,0)) -> No | V6: SIMULATED - proposed campus health-supply program
A7: INV-006 | B7: L01 | C7: =INDEX(Locations!$B$2:$B$9,MATCH($B7,Locations!$A$2:$A$9,0)) -> The Atrium | D7: =INDEX(Locations!$C$2:$C$9,MATCH($B7,Locations!$A$2:$A$9,0)) -> College Avenue | E7: P06 | F7: =INDEX(Products!$B$2:$B$29,MATCH($E7,Products!$A$2:$A$29,0)) -> Ricola Original Natural Herb | G7: =INDEX(Products!$C$2:$C$29,MATCH($E7,Products!$A$2:$A$29,0)) -> Cold & cough | H7: Yes | I7: Available | J7: =IF(H7="No","-",IF(I7="Available","Good supply",IF(I7="Low stock","Few left",IF(I7="Out of stock","None",IF(I7="Temporarily unavailable","Unavailable","Unknown"))))) -> Good supply | K7: Verified student report | L7: 46308.615 | M7: =IF(L7="","",ROUND((Config!$B$2-L7)*1440,0)) -> 15 | N7: =IF(K7="Staff verified",Config!$B$4,IF(OR(K7="Authorized student verified",K7="Multiple student reports",K7="Single student report"),Config!$B$3,"")) | O7: =IF(H7="No","n/a",IF(L7="","Unverified Data",IF(M7>N7,"Stale report",K7))) -> Verified student report | P7: =IF(AND(H7="Yes",OR(I7="Available",I7="Low stock")),IF(O7="Stale report","Verify first","Yes"),"No") -> Yes | Q7: =IF(H7="Yes","proposed_pending_approval","n/a") -> proposed_pending_approval | R7: =IF(H7="Yes","Retail swipe (proposed) / RU Express / Cash or card","n/a") -> Retail swipe (proposed) / RU Express / Cash or card | S7: =INDEX(Products!$I$2:$I$29,MATCH($E7,Products!$A$2:$A$29,0)) -> 2 bags | T7: =IF(H7="Yes",Config!$B$5,"") -> 75 | U7: =INDEX(Products!$J$2:$J$29,MATCH($E7,Products!$A$2:$A$29,0)) -> No | V7: SIMULATED - proposed campus health-supply program
A8: INV-007 | B8: L01 | C8: =INDEX(Locations!$B$2:$B$9,MATCH($B8,Locations!$A$2:$A$9,0)) -> The Atrium | D8: =INDEX(Locations!$C$2:$C$9,MATCH($B8,Locations!$A$2:$A$9,0)) -> College Avenue | E8: P07 | F8: =INDEX(Products!$B$2:$B$29,MATCH($E8,Products!$A$2:$A$29,0)) -> Chloraseptic Sore Throat Spray | G8: =INDEX(Products!$C$2:$C$29,MATCH($E8,Products!$A$2:$A$29,0)) -> Cold & cough | H8: Yes | I8: Available | J8: =IF(H8="No","-",IF(I8="Available","Good supply",IF(I8="Low stock","Few left",IF(I8="Out of stock","None",IF(I8="Temporarily unavailable","Unavailable","Unknown"))))) -> Good supply | K8: Staff verified | L8: 46308.602 | M8: =IF(L8="","",ROUND((Config!$B$2-L8)*1440,0)) -> 33 | N8: =IF(K8="Staff verified",Config!$B$4,IF(OR(K8="Authorized student verified",K8="Multiple student reports",K8="Single student report"),Config!$B$3,"")) -> 240 | O8: =IF(H8="No","n/a",IF(L8="","Unverified Data",IF(M8>N8,"Stale report",K8))) -> Staff verified | P8: =IF(AND(H8="Yes",OR(I8="Available",I8="Low stock")),IF(O8="Stale report","Verify first","Yes"),"No") -> Yes | Q8: =IF(H8="Yes","proposed_pending_approval","n/a") -> proposed_pending_approval | R8: =IF(H8="Yes","Retail swipe (proposed) / RU Express / Cash or card","n/a") -> Retail swipe (proposed) / RU Express / Cash or card | S8: =INDEX(Products!$I$2:$I$29,MATCH($E8,Products!$A$2:$A$29,0)) -> 1 bottle | T8: =IF(H8="Yes",Config!$B$5,"") -> 75 | U8: =INDEX(Products!$J$2:$J$29,MATCH($E8,Products!$A$2:$A$29,0)) -> No | V8: SIMULATED - proposed campus health-supply program
A9: INV-008 | B9: L01 | C9: =INDEX(Locations!$B$2:$B$9,MATCH($B9,Locations!$A$2:$A$9,0)) -> The Atrium | D9: =INDEX(Locations!$C$2:$C$9,MATCH($B9,Locations!$A$2:$A$9,0)) -> College Avenue | E9: P08 | F9: =INDEX(Products!$B$2:$B$29,MATCH($E9,Products!$A$2:$A$29,0)) -> Mucinex | G9: =INDEX(Products!$C$2:$C$29,MATCH($E9,Products!$A$2:$A$29,0)) -> Cold & cough | H9: Yes | I9: Low stock | J9: =IF(H9="No","-",IF(I9="Available","Good supply",IF(I9="Low stock","Few left",IF(I9="Out of stock","None",IF(I9="Temporarily unavailable","Unavailable","Unknown"))))) -> Few left | K9: Staff verified | L9: 46308.549 | M9: =IF(L9="","",ROUND((Config!$B$2-L9)*1440,0)) -> 110 | N9: =IF(K9="Staff verified",Config!$B$4,IF(OR(K9="Authorized student verified",K9="Multiple student reports",K9="Single student report"),Config!$B$3,"")) -> 240 | O9: =IF(H9="No","n/a",IF(L9="","Unverified Data",IF(M9>N9,"Stale report",K9))) -> Staff verified | P9: =IF(AND(H9="Yes",OR(I9="Available",I9="Low stock")),IF(O9="Stale report","Verify first","Yes"),"No") -> Yes | Q9: =IF(H9="Yes","proposed_pending_approval","n/a") -> proposed_pending_approval | R9: =IF(H9="Yes","Retail swipe (proposed) / RU Express / Cash or card","n/a") -> Retail swipe (proposed) / RU Express / Cash or card | S9: =INDEX(Products!$I$2:$I$29,MATCH($E9,Products!$A$2:$A$29,0)) -> 1 package | T9: =IF(H9="Yes",Config!$B$5,"") -> 75 | U9: =INDEX(Products!$J$2:$J$29,MATCH($E9,Products!$A$2:$A$29,0)) -> No | V9: SIMULATED - proposed campus health-supply program
A10: INV-009 | B10: L01 | C10: =INDEX(Locations!$B$2:$B$9,MATCH($B10,Locations!$A$2:$A$9,0)) -> The Atrium | D10: =INDEX(Locations!$C$2:$C$9,MATCH($B10,Locations!$A$2:$A$9,0)) -> College Avenue | E10: P09 | F10: =INDEX(Products!$B$2:$B$29,MATCH($E10,Products!$A$2:$A$29,0)) -> Robitussin DM | G10: =INDEX(Products!$C$2:$C$29,MATCH($E10,Products!$A$2:$A$29,0)) -> Cold & cough | H10: Yes | I10: Available | J10: =IF(H10="No","-",IF(I10="Available","Good supply",IF(I10="Low stock","Few left",IF(I10="Out of stock","None",IF(I10="Temporarily unavailable","Unavailable","Unknown"))))) -> Good supply | K10: Staff verified | L10: 46308.488 | M10: =IF(L10="","",ROUND((Config!$B$2-L10)*1440,0)) -> 198 | N10: =IF(K10="Staff verified",Config!$B$4,IF(OR(K10="Authorized student verified",K10="Multiple student reports",K10="Single student report"),Config!$B$3,"")) -> 240 | O10: =IF(H10="No","n/a",IF(L10="","Unverified Data",IF(M10>N10,"Stale report",K10))) -> Staff verified | P10: =IF(AND(H10="Yes",OR(I10="Available",I10="Low stock")),IF(O10="Stale report","Verify first","Yes"),"No") -> Yes | Q10: =IF(H10="Yes","proposed_pending_approval","n/a") -> proposed_pending_approval | R10: =IF(H10="Yes","Retail swipe (proposed) / RU Express / Cash or card","n/a") -> Retail swipe (proposed) / RU Express / Cash or card | S10: =INDEX(Products!$I$2:$I$29,MATCH($E10,Products!$A$2:$A$29,0)) -> 1 bottle | T10: =IF(H10="Yes",Config!$B$5,"") -> 75 | U10: =INDEX(Products!$J$2:$J$29,MATCH($E10,Products!$A$2:$A$29,0)) -> No | V10: SIMULATED - proposed campus health-supply program
A11: INV-010 | B11: L01 | C11: =INDEX(Locations!$B$2:$B$9,MATCH($B11,Locations!$A$2:$A$9,0)) -> The Atrium | D11: =INDEX(Locations!$C$2:$C$9,MATCH($B11,Locations!$A$2:$A$9,0)) -> College Avenue | E11: P10 | F11: =INDEX(Products!$B$2:$B$29,MATCH($E11,Products!$A$2:$A$29,0)) -> Simply Saline Nasal Mist | G11: =INDEX(Products!$C$2:$C$29,MATCH($E11,Products!$A$2:$A$29,0)) -> Cold & cough | H11: Yes | I11: Available | J11: =IF(H11="No","-",IF(I11="Available","Good supply",IF(I11="Low stock","Few left",IF(I11="Out of stock","None",IF(I11="Temporarily unavailable","Unavailable","Unknown"))))) -> Good supply | K11: Verified student report | L11: 46308.603 | M11: =IF(L11="","",ROUND((Config!$B$2-L11)*1440,0)) -> 31 | N11: =IF(K11="Staff verified",Config!$B$4,IF(OR(K11="Authorized student verified",K11="Multiple student reports",K11="Single student report"),Config!$B$3,"")) | O11: =IF(H11="No","n/a",IF(L11="","Unverified Data",IF(M11>N11,"Stale report",K11))) -> Verified student report | P11: =IF(AND(H11="Yes",OR(I11="Available",I11="Low stock")),IF(O11="Stale report","Verify first","Yes"),"No") -> Yes | Q11: =IF(H11="Yes","proposed_pending_approval","n/a") -> proposed_pending_approval | R11: =IF(H11="Yes","Retail swipe (proposed) / RU Express / Cash or card","n/a") -> Retail swipe (proposed) / RU Express / Cash or card | S11: =INDEX(Products!$I$2:$I$29,MATCH($E11,Products!$A$2:$A$29,0)) -> 1 bottle | T11: =IF(H11="Yes",Config!$B$5,"") -> 75 | U11: =INDEX(Products!$J$2:$J$29,MATCH($E11,Products!$A$2:$A$29,0)) -> No | V11: SIMULATED - proposed campus health-supply program
A12: INV-011 | B12: L01 | C12: =INDEX(Locations!$B$2:$B$9,MATCH($B12,Locations!$A$2:$A$9,0)) -> The Atrium | D12: =INDEX(Locations!$C$2:$C$9,MATCH($B12,Locations!$A$2:$A$9,0)) -> College Avenue | E12: P11 | F12: =INDEX(Products!$B$2:$B$29,MATCH($E12,Products!$A$2:$A$29,0)) -> Claritin | G12: =INDEX(Products!$C$2:$C$29,MATCH($E12,Products!$A$2:$A$29,0)) -> Allergy | H12: Yes | I12: Available | J12: =IF(H12="No","-",IF(I12="Available","Good supply",IF(I12="Low stock","Few left",IF(I12="Out of stock","None",IF(I12="Temporarily unavailable","Unavailable","Unknown"))))) -> Good supply | K12: Verified student report | L12: 46308.597 | M12: =IF(L12="","",ROUND((Config!$B$2-L12)*1440,0)) -> 40 | N12: =IF(K12="Staff verified",Config!$B$4,IF(OR(K12="Authorized student verified",K12="Multiple student reports",K12="Single student report"),Config!$B$3,"")) | O12: =IF(H12="No","n/a",IF(L12="","Unverified Data",IF(M12>N12,"Stale report",K12))) -> Verified student report | P12: =IF(AND(H12="Yes",OR(I12="Available",I12="Low stock")),IF(O12="Stale report","Verify first","Yes"),"No") -> Yes | Q12: =IF(H12="Yes","proposed_pending_approval","n/a") -> proposed_pending_approval | R12: =IF(H12="Yes","Retail swipe (proposed) / RU Express / Cash or card","n/a") -> Retail swipe (proposed) / RU Express / Cash or card | S12: =INDEX(Products!$I$2:$I$29,MATCH($E12,Products!$A$2:$A$29,0)) -> 1 package | T12: =IF(H12="Yes",Config!$B$5,"") -> 75 | U12: =INDEX(Products!$J$2:$J$29,MATCH($E12,Products!$A$2:$A$29,0)) -> No | V12: SIMULATED - proposed campus health-supply program
A13: INV-012 | B13: L01 | C13: =INDEX(Locations!$B$2:$B$9,MATCH($B13,Locations!$A$2:$A$9,0)) -> The Atrium | D13: =INDEX(Locations!$C$2:$C$9,MATCH($B13,Locations!$A$2:$A$9,0)) -> College Avenue | E13: P12 | F13: =INDEX(Products!$B$2:$B$29,MATCH($E13,Products!$A$2:$A$29,0)) -> Zyrtec | G13: =INDEX(Products!$C$2:$C$29,MATCH($E13,Products!$A$2:$A$29,0)) -> Allergy | H13: Yes | I13: Available | J13: =IF(H13="No","-",IF(I13="Available","Good supply",IF(I13="Low stock","Few left",IF(I13="Out of stock","None",IF(I13="Temporarily unavailable","Unavailable","Unknown"))))) -> Good supply | K13: Unverified Data | M13: =IF(L13="","",ROUND((Config!$B$2-L13)*1440,0)) | N13: =IF(K13="Staff verified",Config!$B$4,IF(OR(K13="Authorized student verified",K13="Multiple student reports",K13="Single student report"),Config!$B$3,"")) | O13: =IF(H13="No","n/a",IF(L13="","Unverified Data",IF(M13>N13,"Stale report",K13))) -> Unverified Data | P13: =IF(AND(H13="Yes",OR(I13="Available",I13="Low stock")),IF(O13="Stale report","Verify first","Yes"),"No") -> Yes | Q13: =IF(H13="Yes","proposed_pending_approval","n/a") -> proposed_pending_approval | R13: =IF(H13="Yes","Retail swipe (proposed) / RU Express / Cash or card","n/a") -> Retail swipe (proposed) / RU Express / Cash or card | S13: =INDEX(Products!$I$2:$I$29,MATCH($E13,Products!$A$2:$A$29,0)) -> 1 package | T13: =IF(H13="Yes",Config!$B$5,"") -> 75 | U13: =INDEX(Products!$J$2:$J$29,MATCH($E13,Products!$A$2:$A$29,0)) -> No | V13: SIMULATED - proposed campus health-supply program
A14: INV-013 | B14: L01 | C14: =INDEX(Locations!$B$2:$B$9,MATCH($B14,Locations!$A$2:$A$9,0)) -> The Atrium | D14: =INDEX(Locations!$C$2:$C$9,MATCH($B14,Locations!$A$2:$A$9,0)) -> College Avenue | E14: P13 | F14: =INDEX(Products!$B$2:$B$29,MATCH($E14,Products!$A$2:$A$29,0)) -> Benadryl | G14: =INDEX(Products!$C$2:$C$29,MATCH($E14,Products!$A$2:$A$29,0)) -> Allergy | H14: Yes | I14: Low stock | J14: =IF(H14="No","-",IF(I14="Available","Good supply",IF(I14="Low stock","Few left",IF(I14="Out of stock","None",IF(I14="Temporarily unavailable","Unavailable","Unknown"))))) -> Few left | K14: Unverified Data | M14: =IF(L14="","",ROUND((Config!$B$2-L14)*1440,0)) | N14: =IF(K14="Staff verified",Config!$B$4,IF(OR(K14="Authorized student verified",K14="Multiple student reports",K14="Single student report"),Config!$B$3,"")) | O14: =IF(H14="No","n/a",IF(L14="","Unverified Data",IF(M14>N14,"Stale report",K14))) -> Unverified Data | P14: =IF(AND(H14="Yes",OR(I14="Available",I14="Low stock")),IF(O14="Stale report","Verify first","Yes"),"No") -> Yes | Q14: =IF(H14="Yes","proposed_pending_approval","n/a") -> proposed_pending_approval | R14: =IF(H14="Yes","Retail swipe (proposed) / RU Express / Cash or card","n/a") -> Retail swipe (proposed) / RU Express / Cash or card | S14: =INDEX(Products!$I$2:$I$29,MATCH($E14,Products!$A$2:$A$29,0)) -> 1 package | T14: =IF(H14="Yes",Config!$B$5,"") -> 75 | U14: =INDEX(Products!$J$2:$J$29,MATCH($E14,Products!$A$2:$A$29,0)) -> No | V14: SIMULATED - proposed campus health-supply program
A15: INV-014 | B15: L01 | C15: =INDEX(Locations!$B$2:$B$9,MATCH($B15,Locations!$A$2:$A$9,0)) -> The Atrium | D15: =INDEX(Locations!$C$2:$C$9,MATCH($B15,Locations!$A$2:$A$9,0)) -> College Avenue | E15: P14 | F15: =INDEX(Products!$B$2:$B$29,MATCH($E15,Products!$A$2:$A$29,0)) -> Tums | G15: =INDEX(Products!$C$2:$C$29,MATCH($E15,Products!$A$2:$A$29,0)) -> Digestive | H15: Yes | I15: Low stock | J15: =IF(H15="No","-",IF(I15="Available","Good supply",IF(I15="Low stock","Few left",IF(I15="Out of stock","None",IF(I15="Temporarily unavailable","Unavailable","Unknown"))))) -> Few left | K15: Verified student report | L15: 46308.598 | M15: =IF(L15="","",ROUND((Config!$B$2-L15)*1440,0)) -> 39 | N15: =IF(K15="Staff verified",Config!$B$4,IF(OR(K15="Authorized student verified",K15="Multiple student reports",K15="Single student report"),Config!$B$3,"")) | O15: =IF(H15="No","n/a",IF(L15="","Unverified Data",IF(M15>N15,"Stale report",K15))) -> Verified student report | P15: =IF(AND(H15="Yes",OR(I15="Available",I15="Low stock")),IF(O15="Stale report","Verify first","Yes"),"No") -> Yes | Q15: =IF(H15="Yes","proposed_pending_approval","n/a") -> proposed_pending_approval | R15: =IF(H15="Yes","Retail swipe (proposed) / RU Express / Cash or card","n/a") -> Retail swipe (proposed) / RU Express / Cash or card | S15: =INDEX(Products!$I$2:$I$29,MATCH($E15,Products!$A$2:$A$29,0)) -> 1 package | T15: =IF(H15="Yes",Config!$B$5,"") -> 75 | U15: =INDEX(Products!$J$2:$J$29,MATCH($E15,Products!$A$2:$A$29,0)) -> No | V15: SIMULATED - proposed campus health-supply program
A16: INV-015 | B16: L01 | C16: =INDEX(Locations!$B$2:$B$9,MATCH($B16,Locations!$A$2:$A$9,0)) -> The Atrium | D16: =INDEX(Locations!$C$2:$C$9,MATCH($B16,Locations!$A$2:$A$9,0)) -> College Avenue | E16: P15 | F16: =INDEX(Products!$B$2:$B$29,MATCH($E16,Products!$A$2:$A$29,0)) -> Pepto-Bismol | G16: =INDEX(Products!$C$2:$C$29,MATCH($E16,Products!$A$2:$A$29,0)) -> Digestive | H16: Yes | I16: Unknown | J16: =IF(H16="No","-",IF(I16="Available","Good supply",IF(I16="Low stock","Few left",IF(I16="Out of stock","None",IF(I16="Temporarily unavailable","Unavailable","Unknown"))))) -> Unknown | K16: Unverified Data | M16: =IF(L16="","",ROUND((Config!$B$2-L16)*1440,0)) | N16: =IF(K16="Staff verified",Config!$B$4,IF(OR(K16="Authorized student verified",K16="Multiple student reports",K16="Single student report"),Config!$B$3,"")) | O16: =IF(H16="No","n/a",IF(L16="","Unverified Data",IF(M16>N16,"Stale report",K16))) -> Unverified Data | P16: =IF(AND(H16="Yes",OR(I16="Available",I16="Low stock")),IF(O16="Stale report","Verify first","Yes"),"No") -> No | Q16: =IF(H16="Yes","proposed_pending_approval","n/a") -> proposed_pending_approval | R16: =IF(H16="Yes","Retail swipe (proposed) / RU Express / Cash or card","n/a") -> Retail swipe (proposed) / RU Express / Cash or card | S16: =INDEX(Products!$I$2:$I$29,MATCH($E16,Products!$A$2:$A$29,0)) -> 1 package | T16: =IF(H16="Yes",Config!$B$5,"") -> 75 | U16: =INDEX(Products!$J$2:$J$29,MATCH($E16,Products!$A$2:$A$29,0)) -> No | V16: SIMULATED - proposed campus health-supply program
A17: INV-016 | B17: L01 | C17: =INDEX(Locations!$B$2:$B$9,MATCH($B17,Locations!$A$2:$A$9,0)) -> The Atrium | D17: =INDEX(Locations!$C$2:$C$9,MATCH($B17,Locations!$A$2:$A$9,0)) -> College Avenue | E17: P16 | F17: =INDEX(Products!$B$2:$B$29,MATCH($E17,Products!$A$2:$A$29,0)) -> Imodium A-D | G17: =INDEX(Products!$C$2:$C$29,MATCH($E17,Products!$A$2:$A$29,0)) -> Digestive | H17: Yes | I17: Available | J17: =IF(H17="No","-",IF(I17="Available","Good supply",IF(I17="Low stock","Few left",IF(I17="Out of stock","None",IF(I17="Temporarily unavailable","Unavailable","Unknown"))))) -> Good supply | K17: Verified student report | L17: 46308.598 | M17: =IF(L17="","",ROUND((Config!$B$2-L17)*1440,0)) -> 39 | N17: =IF(K17="Staff verified",Config!$B$4,IF(OR(K17="Authorized student verified",K17="Multiple student reports",K17="Single student report"),Config!$B$3,"")) | O17: =IF(H17="No","n/a",IF(L17="","Unverified Data",IF(M17>N17,"Stale report",K17))) -> Verified student report | P17: =IF(AND(H17="Yes",OR(I17="Available",I17="Low stock")),IF(O17="Stale report","Verify first","Yes"),"No") -> Yes | Q17: =IF(H17="Yes","proposed_pending_approval","n/a") -> proposed_pending_approval | R17: =IF(H17="Yes","Retail swipe (proposed) / RU Express / Cash or card","n/a") -> Retail swipe (proposed) / RU Express / Cash or card | S17: =INDEX(Products!$I$2:$I$29,MATCH($E17,Products!$A$2:$A$29,0)) -> 1 package | T17: =IF(H17="Yes",Config!$B$5,"") -> 75 | U17: =INDEX(Products!$J$2:$J$29,MATCH($E17,Products!$A$2:$A$29,0)) -> No | V17: SIMULATED - proposed campus health-supply program
A18: INV-017 | B18: L01 | C18: =INDEX(Locations!$B$2:$B$9,MATCH($B18,Locations!$A$2:$A$9,0)) -> The Atrium | D18: =INDEX(Locations!$C$2:$C$9,MATCH($B18,Locations!$A$2:$A$9,0)) -> College Avenue | E18: P17 | F18: =INDEX(Products!$B$2:$B$29,MATCH($E18,Products!$A$2:$A$29,0)) -> Pedialyte | G18: =INDEX(Products!$C$2:$C$29,MATCH($E18,Products!$A$2:$A$29,0)) -> Hydration | H18: Yes | I18: Out of stock | J18: =IF(H18="No","-",IF(I18="Available","Good supply",IF(I18="Low stock","Few left",IF(I18="Out of stock","None",IF(I18="Temporarily unavailable","Unavailable","Unknown"))))) -> None | K18: Staff verified | L18: 46308.49 | M18: =IF(L18="","",ROUND((Config!$B$2-L18)*1440,0)) -> 194 | N18: =IF(K18="Staff verified",Config!$B$4,IF(OR(K18="Authorized student verified",K18="Multiple student reports",K18="Single student report"),Config!$B$3,"")) -> 240 | O18: =IF(H18="No","n/a",IF(L18="","Unverified Data",IF(M18>N18,"Stale report",K18))) -> Staff verified | P18: =IF(AND(H18="Yes",OR(I18="Available",I18="Low stock")),IF(O18="Stale report","Verify first","Yes"),"No") -> No | Q18: =IF(H18="Yes","proposed_pending_approval","n/a") -> proposed_pending_approval | R18: =IF(H18="Yes","Retail swipe (proposed) / RU Express / Cash or card","n/a") -> Retail swipe (proposed) / RU Express / Cash or card | S18: =INDEX(Products!$I$2:$I$29,MATCH($E18,Products!$A$2:$A$29,0)) -> 2 bottles | T18: =IF(H18="Yes",Config!$B$5,"") -> 75 | U18: =INDEX(Products!$J$2:$J$29,MATCH($E18,Products!$A$2:$A$29,0)) -> No | V18: SIMULATED - proposed campus health-supply program
A19: INV-018 | B19: L01 | C19: =INDEX(Locations!$B$2:$B$9,MATCH($B19,Locations!$A$2:$A$9,0)) -> The Atrium | D19: =INDEX(Locations!$C$2:$C$9,MATCH($B19,Locations!$A$2:$A$9,0)) -> College Avenue | E19: P18 | F19: =INDEX(Products!$B$2:$B$29,MATCH($E19,Products!$A$2:$A$29,0)) -> Digital thermometer (brand varies) | G19: =INDEX(Products!$C$2:$C$29,MATCH($E19,Products!$A$2:$A$29,0)) -> Diagnostics | H19: Yes | I19: Available | J19: =IF(H19="No","-",IF(I19="Available","Good supply",IF(I19="Low stock","Few left",IF(I19="Out of stock","None",IF(I19="Temporarily unavailable","Unavailable","Unknown"))))) -> Good supply | K19: Verified student report | L19: 46308.603 | M19: =IF(L19="","",ROUND((Config!$B$2-L19)*1440,0)) -> 32 | N19: =IF(K19="Staff verified",Config!$B$4,IF(OR(K19="Authorized student verified",K19="Multiple student reports",K19="Single student report"),Config!$B$3,"")) | O19: =IF(H19="No","n/a",IF(L19="","Unverified Data",IF(M19>N19,"Stale report",K19))) -> Verified student report | P19: =IF(AND(H19="Yes",OR(I19="Available",I19="Low stock")),IF(O19="Stale report","Verify first","Yes"),"No") -> Yes | Q19: =IF(H19="Yes","proposed_pending_approval","n/a") -> proposed_pending_approval | R19: =IF(H19="Yes","Retail swipe (proposed) / RU Express / Cash or card","n/a") -> Retail swipe (proposed) / RU Express / Cash or card | S19: =INDEX(Products!$I$2:$I$29,MATCH($E19,Products!$A$2:$A$29,0)) -> 1 unit | T19: =IF(H19="Yes",Config!$B$5,"") -> 75 | U19: =INDEX(Products!$J$2:$J$29,MATCH($E19,Products!$A$2:$A$29,0)) -> No | V19: SIMULATED - proposed campus health-supply program
A20: INV-019 | B20: L01 | C20: =INDEX(Locations!$B$2:$B$9,MATCH($B20,Locations!$A$2:$A$9,0)) -> The Atrium | D20: =INDEX(Locations!$C$2:$C$9,MATCH($B20,Locations!$A$2:$A$9,0)) -> College Avenue | E20: P19 | F20: =INDEX(Products!$B$2:$B$29,MATCH($E20,Products!$A$2:$A$29,0)) -> iHealth COVID-19 Antigen Rapid Test | G20: =INDEX(Products!$C$2:$C$29,MATCH($E20,Products!$A$2:$A$29,0)) -> Diagnostics | H20: Yes | I20: Out of stock | J20: =IF(H20="No","-",IF(I20="Available","Good supply",IF(I20="Low stock","Few left",IF(I20="Out of stock","None",IF(I20="Temporarily unavailable","Unavailable","Unknown"))))) -> None | K20: Verified student report | L20: 46308.596 | M20: =IF(L20="","",ROUND((Config!$B$2-L20)*1440,0)) -> 42 | N20: =IF(K20="Staff verified",Config!$B$4,IF(OR(K20="Authorized student verified",K20="Multiple student reports",K20="Single student report"),Config!$B$3,"")) | O20: =IF(H20="No","n/a",IF(L20="","Unverified Data",IF(M20>N20,"Stale report",K20))) -> Verified student report | P20: =IF(AND(H20="Yes",OR(I20="Available",I20="Low stock")),IF(O20="Stale report","Verify first","Yes"),"No") -> No | Q20: =IF(H20="Yes","proposed_pending_approval","n/a") -> proposed_pending_approval | R20: =IF(H20="Yes","Retail swipe (proposed) / RU Express / Cash or card","n/a") -> Retail swipe (proposed) / RU Express / Cash or card | S20: =INDEX(Products!$I$2:$I$29,MATCH($E20,Products!$A$2:$A$29,0)) -> 1 kit | T20: =IF(H20="Yes",Config!$B$5,"") -> 75 | U20: =INDEX(Products!$J$2:$J$29,MATCH($E20,Products!$A$2:$A$29,0)) -> No | V20: SIMULATED - proposed campus health-supply program
A21: INV-020 | B21: L01 | C21: =INDEX(Locations!$B$2:$B$9,MATCH($B21,Locations!$A$2:$A$9,0)) -> The Atrium | D21: =INDEX(Locations!$C$2:$C$9,MATCH($B21,Locations!$A$2:$A$9,0)) -> College Avenue | E21: P20 | F21: =INDEX(Products!$B$2:$B$29,MATCH($E21,Products!$A$2:$A$29,0)) -> Band-Aid Brand Adhesive Bandages | G21: =INDEX(Products!$C$2:$C$29,MATCH($E21,Products!$A$2:$A$29,0)) -> First aid & comfort | H21: Yes | I21: Available | J21: =IF(H21="No","-",IF(I21="Available","Good supply",IF(I21="Low stock","Few left",IF(I21="Out of stock","None",IF(I21="Temporarily unavailable","Unavailable","Unknown"))))) -> Good supply | K21: Verified student report | L21: 46308.619 | M21: =IF(L21="","",ROUND((Config!$B$2-L21)*1440,0)) -> 9 | N21: =IF(K21="Staff verified",Config!$B$4,IF(OR(K21="Authorized student verified",K21="Multiple student reports",K21="Single student report"),Config!$B$3,"")) | O21: =IF(H21="No","n/a",IF(L21="","Unverified Data",IF(M21>N21,"Stale report",K21))) -> Verified student report | P21: =IF(AND(H21="Yes",OR(I21="Available",I21="Low stock")),IF(O21="Stale report","Verify first","Yes"),"No") -> Yes | Q21: =IF(H21="Yes","proposed_pending_approval","n/a") -> proposed_pending_approval | R21: =IF(H21="Yes","Retail swipe (proposed) / RU Express / Cash or card","n/a") -> Retail swipe (proposed) / RU Express / Cash or card | S21: =INDEX(Products!$I$2:$I$29,MATCH($E21,Products!$A$2:$A$29,0)) -> 1 box | T21: =IF(H21="Yes",Config!$B$5,"") -> 75 | U21: =INDEX(Products!$J$2:$J$29,MATCH($E21,Products!$A$2:$A$29,0)) -> No | V21: SIMULATED - proposed campus health-supply program
A22: INV-021 | B22: L01 | C22: =INDEX(Locations!$B$2:$B$9,MATCH($B22,Locations!$A$2:$A$9,0)) -> The Atrium | D22: =INDEX(Locations!$C$2:$C$9,MATCH($B22,Locations!$A$2:$A$9,0)) -> College Avenue | E22: P21 | F22: =INDEX(Products!$B$2:$B$29,MATCH($E22,Products!$A$2:$A$29,0)) -> Johnson & Johnson First Aid To Go Kit | G22: =INDEX(Products!$C$2:$C$29,MATCH($E22,Products!$A$2:$A$29,0)) -> First aid & comfort | H22: Yes | I22: Out of stock | J22: =IF(H22="No","-",IF(I22="Available","Good supply",IF(I22="Low stock","Few left",IF(I22="Out of stock","None",IF(I22="Temporarily unavailable","Unavailable","Unknown"))))) -> None | K22: Staff verified | L22: 46308.613 | M22: =IF(L22="","",ROUND((Config!$B$2-L22)*1440,0)) -> 17 | N22: =IF(K22="Staff verified",Config!$B$4,IF(OR(K22="Authorized student verified",K22="Multiple student reports",K22="Single student report"),Config!$B$3,"")) -> 240 | O22: =IF(H22="No","n/a",IF(L22="","Unverified Data",IF(M22>N22,"Stale report",K22))) -> Staff verified | P22: =IF(AND(H22="Yes",OR(I22="Available",I22="Low stock")),IF(O22="Stale report","Verify first","Yes"),"No") -> No | Q22: =IF(H22="Yes","proposed_pending_approval","n/a") -> proposed_pending_approval | R22: =IF(H22="Yes","Retail swipe (proposed) / RU Express / Cash or card","n/a") -> Retail swipe (proposed) / RU Express / Cash or card | S22: =INDEX(Products!$I$2:$I$29,MATCH($E22,Products!$A$2:$A$29,0)) -> 1 kit | T22: =IF(H22="Yes",Config!$B$5,"") -> 75 | U22: =INDEX(Products!$J$2:$J$29,MATCH($E22,Products!$A$2:$A$29,0)) -> No | V22: SIMULATED - proposed campus health-supply program
A23: INV-022 | B23: L01 | C23: =INDEX(Locations!$B$2:$B$9,MATCH($B23,Locations!$A$2:$A$9,0)) -> The Atrium | D23: =INDEX(Locations!$C$2:$C$9,MATCH($B23,Locations!$A$2:$A$9,0)) -> College Avenue | E23: P22 | F23: =INDEX(Products!$B$2:$B$29,MATCH($E23,Products!$A$2:$A$29,0)) -> Neosporin Original Ointment | G23: =INDEX(Products!$C$2:$C$29,MATCH($E23,Products!$A$2:$A$29,0)) -> First aid & comfort | H23: Yes | I23: Available | J23: =IF(H23="No","-",IF(I23="Available","Good supply",IF(I23="Low stock","Few left",IF(I23="Out of stock","None",IF(I23="Temporarily unavailable","Unavailable","Unknown"))))) -> Good supply | K23: Staff verified | L23: 46308.572 | M23: =IF(L23="","",ROUND((Config!$B$2-L23)*1440,0)) -> 76 | N23: =IF(K23="Staff verified",Config!$B$4,IF(OR(K23="Authorized student verified",K23="Multiple student reports",K23="Single student report"),Config!$B$3,"")) -> 240 | O23: =IF(H23="No","n/a",IF(L23="","Unverified Data",IF(M23>N23,"Stale report",K23))) -> Staff verified | P23: =IF(AND(H23="Yes",OR(I23="Available",I23="Low stock")),IF(O23="Stale report","Verify first","Yes"),"No") -> Yes | Q23: =IF(H23="Yes","proposed_pending_approval","n/a") -> proposed_pending_approval | R23: =IF(H23="Yes","Retail swipe (proposed) / RU Express / Cash or card","n/a") -> Retail swipe (proposed) / RU Express / Cash or card | S23: =INDEX(Products!$I$2:$I$29,MATCH($E23,Products!$A$2:$A$29,0)) -> 1 tube | T23: =IF(H23="Yes",Config!$B$5,"") -> 75 | U23: =INDEX(Products!$J$2:$J$29,MATCH($E23,Products!$A$2:$A$29,0)) -> No | V23: SIMULATED - proposed campus health-supply program
A24: INV-023 | B24: L01 | C24: =INDEX(Locations!$B$2:$B$9,MATCH($B24,Locations!$A$2:$A$9,0)) -> The Atrium | D24: =INDEX(Locations!$C$2:$C$9,MATCH($B24,Locations!$A$2:$A$9,0)) -> College Avenue | E24: P23 | F24: =INDEX(Products!$B$2:$B$29,MATCH($E24,Products!$A$2:$A$29,0)) -> Instant cold pack (brand varies) | G24: =INDEX(Products!$C$2:$C$29,MATCH($E24,Products!$A$2:$A$29,0)) -> First aid & comfort | H24: Yes | I24: Low stock | J24: =IF(H24="No","-",IF(I24="Available","Good supply",IF(I24="Low stock","Few left",IF(I24="Out of stock","None",IF(I24="Temporarily unavailable","Unavailable","Unknown"))))) -> Few left | K24: Staff verified | L24: 46308.496 | M24: =IF(L24="","",ROUND((Config!$B$2-L24)*1440,0)) -> 186 | N24: =IF(K24="Staff verified",Config!$B$4,IF(OR(K24="Authorized student verified",K24="Multiple student reports",K24="Single student report"),Config!$B$3,"")) -> 240 | O24: =IF(H24="No","n/a",IF(L24="","Unverified Data",IF(M24>N24,"Stale report",K24))) -> Staff verified | P24: =IF(AND(H24="Yes",OR(I24="Available",I24="Low stock")),IF(O24="Stale report","Verify first","Yes"),"No") -> Yes | Q24: =IF(H24="Yes","proposed_pending_approval","n/a") -> proposed_pending_approval | R24: =IF(H24="Yes","Retail swipe (proposed) / RU Express / Cash or card","n/a") -> Retail swipe (proposed) / RU Express / Cash or card | S24: =INDEX(Products!$I$2:$I$29,MATCH($E24,Products!$A$2:$A$29,0)) -> 1 pack | T24: =IF(H24="Yes",Config!$B$5,"") -> 75 | U24: =INDEX(Products!$J$2:$J$29,MATCH($E24,Products!$A$2:$A$29,0)) -> No | V24: SIMULATED - proposed campus health-supply program
A25: INV-024 | B25: L01 | C25: =INDEX(Locations!$B$2:$B$9,MATCH($B25,Locations!$A$2:$A$9,0)) -> The Atrium | D25: =INDEX(Locations!$C$2:$C$9,MATCH($B25,Locations!$A$2:$A$9,0)) -> College Avenue | E25: P24 | F25: =INDEX(Products!$B$2:$B$29,MATCH($E25,Products!$A$2:$A$29,0)) -> ThermaCare Heat Wrap | G25: =INDEX(Products!$C$2:$C$29,MATCH($E25,Products!$A$2:$A$29,0)) -> First aid & comfort | H25: Yes | I25: Unknown | J25: =IF(H25="No","-",IF(I25="Available","Good supply",IF(I25="Low stock","Few left",IF(I25="Out of stock","None",IF(I25="Temporarily unavailable","Unavailable","Unknown"))))) -> Unknown | K25: Unverified Data | M25: =IF(L25="","",ROUND((Config!$B$2-L25)*1440,0)) | N25: =IF(K25="Staff verified",Config!$B$4,IF(OR(K25="Authorized student verified",K25="Multiple student reports",K25="Single student report"),Config!$B$3,"")) | O25: =IF(H25="No","n/a",IF(L25="","Unverified Data",IF(M25>N25,"Stale report",K25))) -> Unverified Data | P25: =IF(AND(H25="Yes",OR(I25="Available",I25="Low stock")),IF(O25="Stale report","Verify first","Yes"),"No") -> No | Q25: =IF(H25="Yes","proposed_pending_approval","n/a") -> proposed_pending_approval | R25: =IF(H25="Yes","Retail swipe (proposed) / RU Express / Cash or card","n/a") -> Retail swipe (proposed) / RU Express / Cash or card | S25: =INDEX(Products!$I$2:$I$29,MATCH($E25,Products!$A$2:$A$29,0)) -> 1 package | T25: =IF(H25="Yes",Config!$B$5,"") -> 75 | U25: =INDEX(Products!$J$2:$J$29,MATCH($E25,Products!$A$2:$A$29,0)) -> No | V25: SIMULATED - proposed campus health-supply program
A26: INV-025 | B26: L01 | C26: =INDEX(Locations!$B$2:$B$9,MATCH($B26,Locations!$A$2:$A$9,0)) -> The Atrium | D26: =INDEX(Locations!$C$2:$C$9,MATCH($B26,Locations!$A$2:$A$9,0)) -> College Avenue | E26: P25 | F26: =INDEX(Products!$B$2:$B$29,MATCH($E26,Products!$A$2:$A$29,0)) -> Always Ultra Thin Pads | G26: =INDEX(Products!$C$2:$C$29,MATCH($E26,Products!$A$2:$A$29,0)) -> Menstrual & hygiene | H26: Yes | I26: Unknown | J26: =IF(H26="No","-",IF(I26="Available","Good supply",IF(I26="Low stock","Few left",IF(I26="Out of stock","None",IF(I26="Temporarily unavailable","Unavailable","Unknown"))))) -> Unknown | K26: Unverified Data | M26: =IF(L26="","",ROUND((Config!$B$2-L26)*1440,0)) | N26: =IF(K26="Staff verified",Config!$B$4,IF(OR(K26="Authorized student verified",K26="Multiple student reports",K26="Single student report"),Config!$B$3,"")) | O26: =IF(H26="No","n/a",IF(L26="","Unverified Data",IF(M26>N26,"Stale report",K26))) -> Unverified Data | P26: =IF(AND(H26="Yes",OR(I26="Available",I26="Low stock")),IF(O26="Stale report","Verify first","Yes"),"No") -> No | Q26: =IF(H26="Yes","proposed_pending_approval","n/a") -> proposed_pending_approval | R26: =IF(H26="Yes","Retail swipe (proposed) / RU Express / Cash or card","n/a") -> Retail swipe (proposed) / RU Express / Cash or card | S26: =INDEX(Products!$I$2:$I$29,MATCH($E26,Products!$A$2:$A$29,0)) -> 1 package | T26: =IF(H26="Yes",Config!$B$5,"") -> 75 | U26: =INDEX(Products!$J$2:$J$29,MATCH($E26,Products!$A$2:$A$29,0)) -> No | V26: SIMULATED - proposed campus health-supply program
A27: INV-026 | B27: L01 | C27: =INDEX(Locations!$B$2:$B$9,MATCH($B27,Locations!$A$2:$A$9,0)) -> The Atrium | D27: =INDEX(Locations!$C$2:$C$9,MATCH($B27,Locations!$A$2:$A$9,0)) -> College Avenue | E27: P26 | F27: =INDEX(Products!$B$2:$B$29,MATCH($E27,Products!$A$2:$A$29,0)) -> Tampax Pearl Tampons | G27: =INDEX(Products!$C$2:$C$29,MATCH($E27,Products!$A$2:$A$29,0)) -> Menstrual & hygiene | H27: Yes | I27: Available | J27: =IF(H27="No","-",IF(I27="Available","Good supply",IF(I27="Low stock","Few left",IF(I27="Out of stock","None",IF(I27="Temporarily unavailable","Unavailable","Unknown"))))) -> Good supply | K27: Verified student report | L27: 46308.597 | M27: =IF(L27="","",ROUND((Config!$B$2-L27)*1440,0)) -> 40 | N27: =IF(K27="Staff verified",Config!$B$4,IF(OR(K27="Authorized student verified",K27="Multiple student reports",K27="Single student report"),Config!$B$3,"")) | O27: =IF(H27="No","n/a",IF(L27="","Unverified Data",IF(M27>N27,"Stale report",K27))) -> Verified student report | P27: =IF(AND(H27="Yes",OR(I27="Available",I27="Low stock")),IF(O27="Stale report","Verify first","Yes"),"No") -> Yes | Q27: =IF(H27="Yes","proposed_pending_approval","n/a") -> proposed_pending_approval | R27: =IF(H27="Yes","Retail swipe (proposed) / RU Express / Cash or card","n/a") -> Retail swipe (proposed) / RU Express / Cash or card | S27: =INDEX(Products!$I$2:$I$29,MATCH($E27,Products!$A$2:$A$29,0)) -> 1 package | T27: =IF(H27="Yes",Config!$B$5,"") -> 75 | U27: =INDEX(Products!$J$2:$J$29,MATCH($E27,Products!$A$2:$A$29,0)) -> No | V27: SIMULATED - proposed campus health-supply program
A28: INV-027 | B28: L01 | C28: =INDEX(Locations!$B$2:$B$9,MATCH($B28,Locations!$A$2:$A$9,0)) -> The Atrium | D28: =INDEX(Locations!$C$2:$C$9,MATCH($B28,Locations!$A$2:$A$9,0)) -> College Avenue | E28: P27 | F28: =INDEX(Products!$B$2:$B$29,MATCH($E28,Products!$A$2:$A$29,0)) -> Purell Advanced Hand Sanitizer | G28: =INDEX(Products!$C$2:$C$29,MATCH($E28,Products!$A$2:$A$29,0)) -> Menstrual & hygiene | H28: Yes | I28: Available | J28: =IF(H28="No","-",IF(I28="Available","Good supply",IF(I28="Low stock","Few left",IF(I28="Out of stock","None",IF(I28="Temporarily unavailable","Unavailable","Unknown"))))) -> Good supply | K28: Staff verified | L28: 46308.612 | M28: =IF(L28="","",ROUND((Config!$B$2-L28)*1440,0)) -> 19 | N28: =IF(K28="Staff verified",Config!$B$4,IF(OR(K28="Authorized student verified",K28="Multiple student reports",K28="Single student report"),Config!$B$3,"")) -> 240 | O28: =IF(H28="No","n/a",IF(L28="","Unverified Data",IF(M28>N28,"Stale report",K28))) -> Staff verified | P28: =IF(AND(H28="Yes",OR(I28="Available",I28="Low stock")),IF(O28="Stale report","Verify first","Yes"),"No") -> Yes | Q28: =IF(H28="Yes","proposed_pending_approval","n/a") -> proposed_pending_approval | R28: =IF(H28="Yes","Retail swipe (proposed) / RU Express / Cash or card","n/a") -> Retail swipe (proposed) / RU Express / Cash or card | S28: =INDEX(Products!$I$2:$I$29,MATCH($E28,Products!$A$2:$A$29,0)) -> 1 bottle | T28: =IF(H28="Yes",Config!$B$5,"") -> 75 | U28: =INDEX(Products!$J$2:$J$29,MATCH($E28,Products!$A$2:$A$29,0)) -> No | V28: SIMULATED - proposed campus health-supply program
A29: INV-028 | B29: L01 | C29: =INDEX(Locations!$B$2:$B$9,MATCH($B29,Locations!$A$2:$A$9,0)) -> The Atrium | D29: =INDEX(Locations!$C$2:$C$9,MATCH($B29,Locations!$A$2:$A$9,0)) -> College Avenue | E29: P28 | F29: =INDEX(Products!$B$2:$B$29,MATCH($E29,Products!$A$2:$A$29,0)) -> Disposable face masks (brand varies) | G29: =INDEX(Products!$C$2:$C$29,MATCH($E29,Products!$A$2:$A$29,0)) -> Menstrual & hygiene | H29: Yes | I29: Available | J29: =IF(H29="No","-",IF(I29="Available","Good supply",IF(I29="Low stock","Few left",IF(I29="Out of stock","None",IF(I29="Temporarily unavailable","Unavailable","Unknown"))))) -> Good supply | K29: Staff verified | L29: 46308.428 | M29: =IF(L29="","",ROUND((Config!$B$2-L29)*1440,0)) -> 283 | N29: =IF(K29="Staff verified",Config!$B$4,IF(OR(K29="Authorized student verified",K29="Multiple student reports",K29="Single student report"),Config!$B$3,"")) -> 240 | O29: =IF(H29="No","n/a",IF(L29="","Unverified Data",IF(M29>N29,"Stale report",K29))) -> Stale report | P29: =IF(AND(H29="Yes",OR(I29="Available",I29="Low stock")),IF(O29="Stale report","Verify first","Yes"),"No") -> Verify first | Q29: =IF(H29="Yes","proposed_pending_approval","n/a") -> proposed_pending_approval | R29: =IF(H29="Yes","Retail swipe (proposed) / RU Express / Cash or card","n/a") -> Retail swipe (proposed) / RU Express / Cash or card | S29: =INDEX(Products!$I$2:$I$29,MATCH($E29,Products!$A$2:$A$29,0)) -> 1 pack | T29: =IF(H29="Yes",Config!$B$5,"") -> 75 | U29: =INDEX(Products!$J$2:$J$29,MATCH($E29,Products!$A$2:$A$29,0)) -> No | V29: SIMULATED - proposed campus health-supply program
A30: INV-029 | B30: L02 | C30: =INDEX(Locations!$B$2:$B$9,MATCH($B30,Locations!$A$2:$A$9,0)) -> Cafe West | D30: =INDEX(Locations!$C$2:$C$9,MATCH($B30,Locations!$A$2:$A$9,0)) -> College Avenue | E30: P01 | F30: =INDEX(Products!$B$2:$B$29,MATCH($E30,Products!$A$2:$A$29,0)) -> Tylenol Extra Strength | G30: =INDEX(Products!$C$2:$C$29,MATCH($E30,Products!$A$2:$A$29,0)) -> Pain & fever | H30: Yes | I30: Low stock | J30: =IF(H30="No","-",IF(I30="Available","Good supply",IF(I30="Low stock","Few left",IF(I30="Out of stock","None",IF(I30="Temporarily unavailable","Unavailable","Unknown"))))) -> Few left | K30: Staff verified | L30: 46308.604 | M30: =IF(L30="","",ROUND((Config!$B$2-L30)*1440,0)) -> 30 | N30: =IF(K30="Staff verified",Config!$B$4,IF(OR(K30="Authorized student verified",K30="Multiple student reports",K30="Single student report"),Config!$B$3,"")) -> 240 | O30: =IF(H30="No","n/a",IF(L30="","Unverified Data",IF(M30>N30,"Stale report",K30))) -> Staff verified | P30: =IF(AND(H30="Yes",OR(I30="Available",I30="Low stock")),IF(O30="Stale report","Verify first","Yes"),"No") -> Yes | Q30: =IF(H30="Yes","proposed_pending_approval","n/a") -> proposed_pending_approval | R30: =IF(H30="Yes","Retail swipe (proposed) / RU Express / Cash or card","n/a") -> Retail swipe (proposed) / RU Express / Cash or card | S30: =INDEX(Products!$I$2:$I$29,MATCH($E30,Products!$A$2:$A$29,0)) -> 1 package | T30: =IF(H30="Yes",Config!$B$5,"") -> 75 | U30: =INDEX(Products!$J$2:$J$29,MATCH($E30,Products!$A$2:$A$29,0)) -> No | V30: SIMULATED - proposed campus health-supply program
A31: INV-030 | B31: L02 | C31: =INDEX(Locations!$B$2:$B$9,MATCH($B31,Locations!$A$2:$A$9,0)) -> Cafe West | D31: =INDEX(Locations!$C$2:$C$9,MATCH($B31,Locations!$A$2:$A$9,0)) -> College Avenue | E31: P02 | F31: =INDEX(Products!$B$2:$B$29,MATCH($E31,Products!$A$2:$A$29,0)) -> Advil | G31: =INDEX(Products!$C$2:$C$29,MATCH($E31,Products!$A$2:$A$29,0)) -> Pain & fever | H31: Yes | I31: Out of stock | J31: =IF(H31="No","-",IF(I31="Available","Good supply",IF(I31="Low stock","Few left",IF(I31="Out of stock","None",IF(I31="Temporarily unavailable","Unavailable","Unknown"))))) -> None | K31: Verified student report | L31: 46308.611 | M31: =IF(L31="","",ROUND((Config!$B$2-L31)*1440,0)) -> 20 | N31: =IF(K31="Staff verified",Config!$B$4,IF(OR(K31="Authorized student verified",K31="Multiple student reports",K31="Single student report"),Config!$B$3,"")) | O31: =IF(H31="No","n/a",IF(L31="","Unverified Data",IF(M31>N31,"Stale report",K31))) -> Verified student report | P31: =IF(AND(H31="Yes",OR(I31="Available",I31="Low stock")),IF(O31="Stale report","Verify first","Yes"),"No") -> No | Q31: =IF(H31="Yes","proposed_pending_approval","n/a") -> proposed_pending_approval | R31: =IF(H31="Yes","Retail swipe (proposed) / RU Express / Cash or card","n/a") -> Retail swipe (proposed) / RU Express / Cash or card | S31: =INDEX(Products!$I$2:$I$29,MATCH($E31,Products!$A$2:$A$29,0)) -> 1 package | T31: =IF(H31="Yes",Config!$B$5,"") -> 75 | U31: =INDEX(Products!$J$2:$J$29,MATCH($E31,Products!$A$2:$A$29,0)) -> No | V31: SIMULATED - proposed campus health-supply program
A32: INV-031 | B32: L02 | C32: =INDEX(Locations!$B$2:$B$9,MATCH($B32,Locations!$A$2:$A$9,0)) -> Cafe West | D32: =INDEX(Locations!$C$2:$C$9,MATCH($B32,Locations!$A$2:$A$9,0)) -> College Avenue | E32: P03 | F32: =INDEX(Products!$B$2:$B$29,MATCH($E32,Products!$A$2:$A$29,0)) -> Aleve | G32: =INDEX(Products!$C$2:$C$29,MATCH($E32,Products!$A$2:$A$29,0)) -> Pain & fever | H32: Yes | I32: Available | J32: =IF(H32="No","-",IF(I32="Available","Good supply",IF(I32="Low stock","Few left",IF(I32="Out of stock","None",IF(I32="Temporarily unavailable","Unavailable","Unknown"))))) -> Good supply | K32: Unverified Data | M32: =IF(L32="","",ROUND((Config!$B$2-L32)*1440,0)) | N32: =IF(K32="Staff verified",Config!$B$4,IF(OR(K32="Authorized student verified",K32="Multiple student reports",K32="Single student report"),Config!$B$3,"")) | O32: =IF(H32="No","n/a",IF(L32="","Unverified Data",IF(M32>N32,"Stale report",K32))) -> Unverified Data | P32: =IF(AND(H32="Yes",OR(I32="Available",I32="Low stock")),IF(O32="Stale report","Verify first","Yes"),"No") -> Yes | Q32: =IF(H32="Yes","proposed_pending_approval","n/a") -> proposed_pending_approval | R32: =IF(H32="Yes","Retail swipe (proposed) / RU Express / Cash or card","n/a") -> Retail swipe (proposed) / RU Express / Cash or card | S32: =INDEX(Products!$I$2:$I$29,MATCH($E32,Products!$A$2:$A$29,0)) -> 1 package | T32: =IF(H32="Yes",Config!$B$5,"") -> 75 | U32: =INDEX(Products!$J$2:$J$29,MATCH($E32,Products!$A$2:$A$29,0)) -> No | V32: SIMULATED - proposed campus health-supply program
A33: INV-032 | B33: L02 | C33: =INDEX(Locations!$B$2:$B$9,MATCH($B33,Locations!$A$2:$A$9,0)) -> Cafe West | D33: =INDEX(Locations!$C$2:$C$9,MATCH($B33,Locations!$A$2:$A$9,0)) -> College Avenue | E33: P04 | F33: =INDEX(Products!$B$2:$B$29,MATCH($E33,Products!$A$2:$A$29,0)) -> Excedrin Migraine | G33: =INDEX(Products!$C$2:$C$29,MATCH($E33,Products!$A$2:$A$29,0)) -> Pain & fever | H33: Yes | I33: Available | J33: =IF(H33="No","-",IF(I33="Available","Good supply",IF(I33="Low stock","Few left",IF(I33="Out of stock","None",IF(I33="Temporarily unavailable","Unavailable","Unknown"))))) -> Good supply | K33: Verified student report | L33: 46308.588 | M33: =IF(L33="","",ROUND((Config!$B$2-L33)*1440,0)) -> 54 | N33: =IF(K33="Staff verified",Config!$B$4,IF(OR(K33="Authorized student verified",K33="Multiple student reports",K33="Single student report"),Config!$B$3,"")) | O33: =IF(H33="No","n/a",IF(L33="","Unverified Data",IF(M33>N33,"Stale report",K33))) -> Verified student report | P33: =IF(AND(H33="Yes",OR(I33="Available",I33="Low stock")),IF(O33="Stale report","Verify first","Yes"),"No") -> Yes | Q33: =IF(H33="Yes","proposed_pending_approval","n/a") -> proposed_pending_approval | R33: =IF(H33="Yes","Retail swipe (proposed) / RU Express / Cash or card","n/a") -> Retail swipe (proposed) / RU Express / Cash or card | S33: =INDEX(Products!$I$2:$I$29,MATCH($E33,Products!$A$2:$A$29,0)) -> 1 package | T33: =IF(H33="Yes",Config!$B$5,"") -> 75 | U33: =INDEX(Products!$J$2:$J$29,MATCH($E33,Products!$A$2:$A$29,0)) -> No | V33: SIMULATED - proposed campus health-supply program
A34: INV-033 | B34: L02 | C34: =INDEX(Locations!$B$2:$B$9,MATCH($B34,Locations!$A$2:$A$9,0)) -> Cafe West | D34: =INDEX(Locations!$C$2:$C$9,MATCH($B34,Locations!$A$2:$A$9,0)) -> College Avenue | E34: P05 | F34: =INDEX(Products!$B$2:$B$29,MATCH($E34,Products!$A$2:$A$29,0)) -> Halls Mentho-Lyptus | G34: =INDEX(Products!$C$2:$C$29,MATCH($E34,Products!$A$2:$A$29,0)) -> Cold & cough | H34: Yes | I34: Unknown | J34: =IF(H34="No","-",IF(I34="Available","Good supply",IF(I34="Low stock","Few left",IF(I34="Out of stock","None",IF(I34="Temporarily unavailable","Unavailable","Unknown"))))) -> Unknown | K34: Unverified Data | M34: =IF(L34="","",ROUND((Config!$B$2-L34)*1440,0)) | N34: =IF(K34="Staff verified",Config!$B$4,IF(OR(K34="Authorized student verified",K34="Multiple student reports",K34="Single student report"),Config!$B$3,"")) | O34: =IF(H34="No","n/a",IF(L34="","Unverified Data",IF(M34>N34,"Stale report",K34))) -> Unverified Data | P34: =IF(AND(H34="Yes",OR(I34="Available",I34="Low stock")),IF(O34="Stale report","Verify first","Yes"),"No") -> No | Q34: =IF(H34="Yes","proposed_pending_approval","n/a") -> proposed_pending_approval | R34: =IF(H34="Yes","Retail swipe (proposed) / RU Express / Cash or card","n/a") -> Retail swipe (proposed) / RU Express / Cash or card | S34: =INDEX(Products!$I$2:$I$29,MATCH($E34,Products!$A$2:$A$29,0)) -> 2 bags | T34: =IF(H34="Yes",Config!$B$5,"") -> 75 | U34: =INDEX(Products!$J$2:$J$29,MATCH($E34,Products!$A$2:$A$29,0)) -> No | V34: SIMULATED - proposed campus health-supply program
A35: INV-034 | B35: L02 | C35: =INDEX(Locations!$B$2:$B$9,MATCH($B35,Locations!$A$2:$A$9,0)) -> Cafe West | D35: =INDEX(Locations!$C$2:$C$9,MATCH($B35,Locations!$A$2:$A$9,0)) -> College Avenue | E35: P06 | F35: =INDEX(Products!$B$2:$B$29,MATCH($E35,Products!$A$2:$A$29,0)) -> Ricola Original Natural Herb | G35: =INDEX(Products!$C$2:$C$29,MATCH($E35,Products!$A$2:$A$29,0)) -> Cold & cough | H35: Yes | I35: Available | J35: =IF(H35="No","-",IF(I35="Available","Good supply",IF(I35="Low stock","Few left",IF(I35="Out of stock","None",IF(I35="Temporarily unavailable","Unavailable","Unknown"))))) -> Good supply | K35: Staff verified | L35: 46308.56 | M35: =IF(L35="","",ROUND((Config!$B$2-L35)*1440,0)) -> 94 | N35: =IF(K35="Staff verified",Config!$B$4,IF(OR(K35="Authorized student verified",K35="Multiple student reports",K35="Single student report"),Config!$B$3,"")) -> 240 | O35: =IF(H35="No","n/a",IF(L35="","Unverified Data",IF(M35>N35,"Stale report",K35))) -> Staff verified | P35: =IF(AND(H35="Yes",OR(I35="Available",I35="Low stock")),IF(O35="Stale report","Verify first","Yes"),"No") -> Yes | Q35: =IF(H35="Yes","proposed_pending_approval","n/a") -> proposed_pending_approval | R35: =IF(H35="Yes","Retail swipe (proposed) / RU Express / Cash or card","n/a") -> Retail swipe (proposed) / RU Express / Cash or card | S35: =INDEX(Products!$I$2:$I$29,MATCH($E35,Products!$A$2:$A$29,0)) -> 2 bags | T35: =IF(H35="Yes",Config!$B$5,"") -> 75 | U35: =INDEX(Products!$J$2:$J$29,MATCH($E35,Products!$A$2:$A$29,0)) -> No | V35: SIMULATED - proposed campus health-supply program
A36: INV-035 | B36: L02 | C36: =INDEX(Locations!$B$2:$B$9,MATCH($B36,Locations!$A$2:$A$9,0)) -> Cafe West | D36: =INDEX(Locations!$C$2:$C$9,MATCH($B36,Locations!$A$2:$A$9,0)) -> College Avenue | E36: P07 | F36: =INDEX(Products!$B$2:$B$29,MATCH($E36,Products!$A$2:$A$29,0)) -> Chloraseptic Sore Throat Spray | G36: =INDEX(Products!$C$2:$C$29,MATCH($E36,Products!$A$2:$A$29,0)) -> Cold & cough | H36: Yes | I36: Available | J36: =IF(H36="No","-",IF(I36="Available","Good supply",IF(I36="Low stock","Few left",IF(I36="Out of stock","None",IF(I36="Temporarily unavailable","Unavailable","Unknown"))))) -> Good supply | K36: Verified student report | L36: 46308.59 | M36: =IF(L36="","",ROUND((Config!$B$2-L36)*1440,0)) -> 51 | N36: =IF(K36="Staff verified",Config!$B$4,IF(OR(K36="Authorized student verified",K36="Multiple student reports",K36="Single student report"),Config!$B$3,"")) | O36: =IF(H36="No","n/a",IF(L36="","Unverified Data",IF(M36>N36,"Stale report",K36))) -> Verified student report | P36: =IF(AND(H36="Yes",OR(I36="Available",I36="Low stock")),IF(O36="Stale report","Verify first","Yes"),"No") -> Yes | Q36: =IF(H36="Yes","proposed_pending_approval","n/a") -> proposed_pending_approval | R36: =IF(H36="Yes","Retail swipe (proposed) / RU Express / Cash or card","n/a") -> Retail swipe (proposed) / RU Express / Cash or card | S36: =INDEX(Products!$I$2:$I$29,MATCH($E36,Products!$A$2:$A$29,0)) -> 1 bottle | T36: =IF(H36="Yes",Config!$B$5,"") -> 75 | U36: =INDEX(Products!$J$2:$J$29,MATCH($E36,Products!$A$2:$A$29,0)) -> No | V36: SIMULATED - proposed campus health-supply program
A37: INV-036 | B37: L02 | C37: =INDEX(Locations!$B$2:$B$9,MATCH($B37,Locations!$A$2:$A$9,0)) -> Cafe West | D37: =INDEX(Locations!$C$2:$C$9,MATCH($B37,Locations!$A$2:$A$9,0)) -> College Avenue | E37: P08 | F37: =INDEX(Products!$B$2:$B$29,MATCH($E37,Products!$A$2:$A$29,0)) -> Mucinex | G37: =INDEX(Products!$C$2:$C$29,MATCH($E37,Products!$A$2:$A$29,0)) -> Cold & cough | H37: Yes | I37: Low stock | J37: =IF(H37="No","-",IF(I37="Available","Good supply",IF(I37="Low stock","Few left",IF(I37="Out of stock","None",IF(I37="Temporarily unavailable","Unavailable","Unknown"))))) -> Few left | K37: Verified student report | L37: 46308.595 | M37: =IF(L37="","",ROUND((Config!$B$2-L37)*1440,0)) -> 43 | N37: =IF(K37="Staff verified",Config!$B$4,IF(OR(K37="Authorized student verified",K37="Multiple student reports",K37="Single student report"),Config!$B$3,"")) | O37: =IF(H37="No","n/a",IF(L37="","Unverified Data",IF(M37>N37,"Stale report",K37))) -> Verified student report | P37: =IF(AND(H37="Yes",OR(I37="Available",I37="Low stock")),IF(O37="Stale report","Verify first","Yes"),"No") -> Yes | Q37: =IF(H37="Yes","proposed_pending_approval","n/a") -> proposed_pending_approval | R37: =IF(H37="Yes","Retail swipe (proposed) / RU Express / Cash or card","n/a") -> Retail swipe (proposed) / RU Express / Cash or card | S37: =INDEX(Products!$I$2:$I$29,MATCH($E37,Products!$A$2:$A$29,0)) -> 1 package | T37: =IF(H37="Yes",Config!$B$5,"") -> 75 | U37: =INDEX(Products!$J$2:$J$29,MATCH($E37,Products!$A$2:$A$29,0)) -> No | V37: SIMULATED - proposed campus health-supply program
A38: INV-037 | B38: L02 | C38: =INDEX(Locations!$B$2:$B$9,MATCH($B38,Locations!$A$2:$A$9,0)) -> Cafe West | D38: =INDEX(Locations!$C$2:$C$9,MATCH($B38,Locations!$A$2:$A$9,0)) -> College Avenue | E38: P09 | F38: =INDEX(Products!$B$2:$B$29,MATCH($E38,Products!$A$2:$A$29,0)) -> Robitussin DM | G38: =INDEX(Products!$C$2:$C$29,MATCH($E38,Products!$A$2:$A$29,0)) -> Cold & cough | H38: Yes | I38: Low stock | J38: =IF(H38="No","-",IF(I38="Available","Good supply",IF(I38="Low stock","Few left",IF(I38="Out of stock","None",IF(I38="Temporarily unavailable","Unavailable","Unknown"))))) -> Few left | K38: Verified student report | L38: 46308.601 | M38: =IF(L38="","",ROUND((Config!$B$2-L38)*1440,0)) -> 34 | N38: =IF(K38="Staff verified",Config!$B$4,IF(OR(K38="Authorized student verified",K38="Multiple student reports",K38="Single student report"),Config!$B$3,"")) | O38: =IF(H38="No","n/a",IF(L38="","Unverified Data",IF(M38>N38,"Stale report",K38))) -> Verified student report | P38: =IF(AND(H38="Yes",OR(I38="Available",I38="Low stock")),IF(O38="Stale report","Verify first","Yes"),"No") -> Yes | Q38: =IF(H38="Yes","proposed_pending_approval","n/a") -> proposed_pending_approval | R38: =IF(H38="Yes","Retail swipe (proposed) / RU Express / Cash or card","n/a") -> Retail swipe (proposed) / RU Express / Cash or card | S38: =INDEX(Products!$I$2:$I$29,MATCH($E38,Products!$A$2:$A$29,0)) -> 1 bottle | T38: =IF(H38="Yes",Config!$B$5,"") -> 75 | U38: =INDEX(Products!$J$2:$J$29,MATCH($E38,Products!$A$2:$A$29,0)) -> No | V38: SIMULATED - proposed campus health-supply program
A39: INV-038 | B39: L02 | C39: =INDEX(Locations!$B$2:$B$9,MATCH($B39,Locations!$A$2:$A$9,0)) -> Cafe West | D39: =INDEX(Locations!$C$2:$C$9,MATCH($B39,Locations!$A$2:$A$9,0)) -> College Avenue | E39: P10 | F39: =INDEX(Products!$B$2:$B$29,MATCH($E39,Products!$A$2:$A$29,0)) -> Simply Saline Nasal Mist | G39: =INDEX(Products!$C$2:$C$29,MATCH($E39,Products!$A$2:$A$29,0)) -> Cold & cough | H39: Yes | I39: Available | J39: =IF(H39="No","-",IF(I39="Available","Good supply",IF(I39="Low stock","Few left",IF(I39="Out of stock","None",IF(I39="Temporarily unavailable","Unavailable","Unknown"))))) -> Good supply | K39: Verified student report | L39: 46308.589 | M39: =IF(L39="","",ROUND((Config!$B$2-L39)*1440,0)) -> 52 | N39: =IF(K39="Staff verified",Config!$B$4,IF(OR(K39="Authorized student verified",K39="Multiple student reports",K39="Single student report"),Config!$B$3,"")) | O39: =IF(H39="No","n/a",IF(L39="","Unverified Data",IF(M39>N39,"Stale report",K39))) -> Verified student report | P39: =IF(AND(H39="Yes",OR(I39="Available",I39="Low stock")),IF(O39="Stale report","Verify first","Yes"),"No") -> Yes | Q39: =IF(H39="Yes","proposed_pending_approval","n/a") -> proposed_pending_approval | R39: =IF(H39="Yes","Retail swipe (proposed) / RU Express / Cash or card","n/a") -> Retail swipe (proposed) / RU Express / Cash or card | S39: =INDEX(Products!$I$2:$I$29,MATCH($E39,Products!$A$2:$A$29,0)) -> 1 bottle | T39: =IF(H39="Yes",Config!$B$5,"") -> 75 | U39: =INDEX(Products!$J$2:$J$29,MATCH($E39,Products!$A$2:$A$29,0)) -> No | V39: SIMULATED - proposed campus health-supply program
A40: INV-039 | B40: L02 | C40: =INDEX(Locations!$B$2:$B$9,MATCH($B40,Locations!$A$2:$A$9,0)) -> Cafe West | D40: =INDEX(Locations!$C$2:$C$9,MATCH($B40,Locations!$A$2:$A$9,0)) -> College Avenue | E40: P11 | F40: =INDEX(Products!$B$2:$B$29,MATCH($E40,Products!$A$2:$A$29,0)) -> Claritin | G40: =INDEX(Products!$C$2:$C$29,MATCH($E40,Products!$A$2:$A$29,0)) -> Allergy | H40: Yes | I40: Available | J40: =IF(H40="No","-",IF(I40="Available","Good supply",IF(I40="Low stock","Few left",IF(I40="Out of stock","None",IF(I40="Temporarily unavailable","Unavailable","Unknown"))))) -> Good supply | K40: Verified student report | L40: 46308.59 | M40: =IF(L40="","",ROUND((Config!$B$2-L40)*1440,0)) -> 50 | N40: =IF(K40="Staff verified",Config!$B$4,IF(OR(K40="Authorized student verified",K40="Multiple student reports",K40="Single student report"),Config!$B$3,"")) | O40: =IF(H40="No","n/a",IF(L40="","Unverified Data",IF(M40>N40,"Stale report",K40))) -> Verified student report | P40: =IF(AND(H40="Yes",OR(I40="Available",I40="Low stock")),IF(O40="Stale report","Verify first","Yes"),"No") -> Yes | Q40: =IF(H40="Yes","proposed_pending_approval","n/a") -> proposed_pending_approval | R40: =IF(H40="Yes","Retail swipe (proposed) / RU Express / Cash or card","n/a") -> Retail swipe (proposed) / RU Express / Cash or card | S40: =INDEX(Products!$I$2:$I$29,MATCH($E40,Products!$A$2:$A$29,0)) -> 1 package | T40: =IF(H40="Yes",Config!$B$5,"") -> 75 | U40: =INDEX(Products!$J$2:$J$29,MATCH($E40,Products!$A$2:$A$29,0)) -> No | V40: SIMULATED - proposed campus health-supply program
A41: INV-040 | B41: L02 | C41: =INDEX(Locations!$B$2:$B$9,MATCH($B41,Locations!$A$2:$A$9,0)) -> Cafe West | D41: =INDEX(Locations!$C$2:$C$9,MATCH($B41,Locations!$A$2:$A$9,0)) -> College Avenue | E41: P12 | F41: =INDEX(Products!$B$2:$B$29,MATCH($E41,Products!$A$2:$A$29,0)) -> Zyrtec | G41: =INDEX(Products!$C$2:$C$29,MATCH($E41,Products!$A$2:$A$29,0)) -> Allergy | H41: Yes | I41: Available | J41: =IF(H41="No","-",IF(I41="Available","Good supply",IF(I41="Low stock","Few left",IF(I41="Out of stock","None",IF(I41="Temporarily unavailable","Unavailable","Unknown"))))) -> Good supply | K41: Verified student report | L41: 46308.508 | M41: =IF(L41="","",ROUND((Config!$B$2-L41)*1440,0)) -> 168 | N41: =IF(K41="Staff verified",Config!$B$4,IF(OR(K41="Authorized student verified",K41="Multiple student reports",K41="Single student report"),Config!$B$3,"")) | O41: =IF(H41="No","n/a",IF(L41="","Unverified Data",IF(M41>N41,"Stale report",K41))) -> Verified student report | P41: =IF(AND(H41="Yes",OR(I41="Available",I41="Low stock")),IF(O41="Stale report","Verify first","Yes"),"No") -> Yes | Q41: =IF(H41="Yes","proposed_pending_approval","n/a") -> proposed_pending_approval | R41: =IF(H41="Yes","Retail swipe (proposed) / RU Express / Cash or card","n/a") -> Retail swipe (proposed) / RU Express / Cash or card | S41: =INDEX(Products!$I$2:$I$29,MATCH($E41,Products!$A$2:$A$29,0)) -> 1 package | T41: =IF(H41="Yes",Config!$B$5,"") -> 75 | U41: =INDEX(Products!$J$2:$J$29,MATCH($E41,Products!$A$2:$A$29,0)) -> No | V41: SIMULATED - proposed campus health-supply program
A42: INV-041 | B42: L02 | C42: =INDEX(Locations!$B$2:$B$9,MATCH($B42,Locations!$A$2:$A$9,0)) -> Cafe West | D42: =INDEX(Locations!$C$2:$C$9,MATCH($B42,Locations!$A$2:$A$9,0)) -> College Avenue | E42: P13 | F42: =INDEX(Products!$B$2:$B$29,MATCH($E42,Products!$A$2:$A$29,0)) -> Benadryl | G42: =INDEX(Products!$C$2:$C$29,MATCH($E42,Products!$A$2:$A$29,0)) -> Allergy | H42: Yes | I42: Out of stock | J42: =IF(H42="No","-",IF(I42="Available","Good supply",IF(I42="Low stock","Few left",IF(I42="Out of stock","None",IF(I42="Temporarily unavailable","Unavailable","Unknown"))))) -> None | K42: Unverified Data | M42: =IF(L42="","",ROUND((Config!$B$2-L42)*1440,0)) | N42: =IF(K42="Staff verified",Config!$B$4,IF(OR(K42="Authorized student verified",K42="Multiple student reports",K42="Single student report"),Config!$B$3,"")) | O42: =IF(H42="No","n/a",IF(L42="","Unverified Data",IF(M42>N42,"Stale report",K42))) -> Unverified Data | P42: =IF(AND(H42="Yes",OR(I42="Available",I42="Low stock")),IF(O42="Stale report","Verify first","Yes"),"No") -> No | Q42: =IF(H42="Yes","proposed_pending_approval","n/a") -> proposed_pending_approval | R42: =IF(H42="Yes","Retail swipe (proposed) / RU Express / Cash or card","n/a") -> Retail swipe (proposed) / RU Express / Cash or card | S42: =INDEX(Products!$I$2:$I$29,MATCH($E42,Products!$A$2:$A$29,0)) -> 1 package | T42: =IF(H42="Yes",Config!$B$5,"") -> 75 | U42: =INDEX(Products!$J$2:$J$29,MATCH($E42,Products!$A$2:$A$29,0)) -> No | V42: SIMULATED - proposed campus health-supply program
A43: INV-042 | B43: L02 | C43: =INDEX(Locations!$B$2:$B$9,MATCH($B43,Locations!$A$2:$A$9,0)) -> Cafe West | D43: =INDEX(Locations!$C$2:$C$9,MATCH($B43,Locations!$A$2:$A$9,0)) -> College Avenue | E43: P14 | F43: =INDEX(Products!$B$2:$B$29,MATCH($E43,Products!$A$2:$A$29,0)) -> Tums | G43: =INDEX(Products!$C$2:$C$29,MATCH($E43,Products!$A$2:$A$29,0)) -> Digestive | H43: Yes | I43: Unknown | J43: =IF(H43="No","-",IF(I43="Available","Good supply",IF(I43="Low stock","Few left",IF(I43="Out of stock","None",IF(I43="Temporarily unavailable","Unavailable","Unknown"))))) -> Unknown | K43: Unverified Data | M43: =IF(L43="","",ROUND((Config!$B$2-L43)*1440,0)) | N43: =IF(K43="Staff verified",Config!$B$4,IF(OR(K43="Authorized student verified",K43="Multiple student reports",K43="Single student report"),Config!$B$3,"")) | O43: =IF(H43="No","n/a",IF(L43="","Unverified Data",IF(M43>N43,"Stale report",K43))) -> Unverified Data | P43: =IF(AND(H43="Yes",OR(I43="Available",I43="Low stock")),IF(O43="Stale report","Verify first","Yes"),"No") -> No | Q43: =IF(H43="Yes","proposed_pending_approval","n/a") -> proposed_pending_approval | R43: =IF(H43="Yes","Retail swipe (proposed) / RU Express / Cash or card","n/a") -> Retail swipe (proposed) / RU Express / Cash or card | S43: =INDEX(Products!$I$2:$I$29,MATCH($E43,Products!$A$2:$A$29,0)) -> 1 package | T43: =IF(H43="Yes",Config!$B$5,"") -> 75 | U43: =INDEX(Products!$J$2:$J$29,MATCH($E43,Products!$A$2:$A$29,0)) -> No | V43: SIMULATED - proposed campus health-supply program
A44: INV-043 | B44: L02 | C44: =INDEX(Locations!$B$2:$B$9,MATCH($B44,Locations!$A$2:$A$9,0)) -> Cafe West | D44: =INDEX(Locations!$C$2:$C$9,MATCH($B44,Locations!$A$2:$A$9,0)) -> College Avenue | E44: P15 | F44: =INDEX(Products!$B$2:$B$29,MATCH($E44,Products!$A$2:$A$29,0)) -> Pepto-Bismol | G44: =INDEX(Products!$C$2:$C$29,MATCH($E44,Products!$A$2:$A$29,0)) -> Digestive | H44: Yes | I44: Available | J44: =IF(H44="No","-",IF(I44="Available","Good supply",IF(I44="Low stock","Few left",IF(I44="Out of stock","None",IF(I44="Temporarily unavailable","Unavailable","Unknown"))))) -> Good supply | K44: Unverified Data | M44: =IF(L44="","",ROUND((Config!$B$2-L44)*1440,0)) | N44: =IF(K44="Staff verified",Config!$B$4,IF(OR(K44="Authorized student verified",K44="Multiple student reports",K44="Single student report"),Config!$B$3,"")) | O44: =IF(H44="No","n/a",IF(L44="","Unverified Data",IF(M44>N44,"Stale report",K44))) -> Unverified Data | P44: =IF(AND(H44="Yes",OR(I44="Available",I44="Low stock")),IF(O44="Stale report","Verify first","Yes"),"No") -> Yes | Q44: =IF(H44="Yes","proposed_pending_approval","n/a") -> proposed_pending_approval | R44: =IF(H44="Yes","Retail swipe (proposed) / RU Express / Cash or card","n/a") -> Retail swipe (proposed) / RU Express / Cash or card | S44: =INDEX(Products!$I$2:$I$29,MATCH($E44,Products!$A$2:$A$29,0)) -> 1 package | T44: =IF(H44="Yes",Config!$B$5,"") -> 75 | U44: =INDEX(Products!$J$2:$J$29,MATCH($E44,Products!$A$2:$A$29,0)) -> No | V44: SIMULATED - proposed campus health-supply program
A45: INV-044 | B45: L02 | C45: =INDEX(Locations!$B$2:$B$9,MATCH($B45,Locations!$A$2:$A$9,0)) -> Cafe West | D45: =INDEX(Locations!$C$2:$C$9,MATCH($B45,Locations!$A$2:$A$9,0)) -> College Avenue | E45: P16 | F45: =INDEX(Products!$B$2:$B$29,MATCH($E45,Products!$A$2:$A$29,0)) -> Imodium A-D | G45: =INDEX(Products!$C$2:$C$29,MATCH($E45,Products!$A$2:$A$29,0)) -> Digestive | H45: Yes | I45: Available | J45: =IF(H45="No","-",IF(I45="Available","Good supply",IF(I45="Low stock","Few left",IF(I45="Out of stock","None",IF(I45="Temporarily unavailable","Unavailable","Unknown"))))) -> Good supply | K45: Verified student report | L45: 46308.54 | M45: =IF(L45="","",ROUND((Config!$B$2-L45)*1440,0)) -> 123 | N45: =IF(K45="Staff verified",Config!$B$4,IF(OR(K45="Authorized student verified",K45="Multiple student reports",K45="Single student report"),Config!$B$3,"")) | O45: =IF(H45="No","n/a",IF(L45="","Unverified Data",IF(M45>N45,"Stale report",K45))) -> Verified student report | P45: =IF(AND(H45="Yes",OR(I45="Available",I45="Low stock")),IF(O45="Stale report","Verify first","Yes"),"No") -> Yes | Q45: =IF(H45="Yes","proposed_pending_approval","n/a") -> proposed_pending_approval | R45: =IF(H45="Yes","Retail swipe (proposed) / RU Express / Cash or card","n/a") -> Retail swipe (proposed) / RU Express / Cash or card | S45: =INDEX(Products!$I$2:$I$29,MATCH($E45,Products!$A$2:$A$29,0)) -> 1 package | T45: =IF(H45="Yes",Config!$B$5,"") -> 75 | U45: =INDEX(Products!$J$2:$J$29,MATCH($E45,Products!$A$2:$A$29,0)) -> No | V45: SIMULATED - proposed campus health-supply program
A46: INV-045 | B46: L02 | C46: =INDEX(Locations!$B$2:$B$9,MATCH($B46,Locations!$A$2:$A$9,0)) -> Cafe West | D46: =INDEX(Locations!$C$2:$C$9,MATCH($B46,Locations!$A$2:$A$9,0)) -> College Avenue | E46: P17 | F46: =INDEX(Products!$B$2:$B$29,MATCH($E46,Products!$A$2:$A$29,0)) -> Pedialyte | G46: =INDEX(Products!$C$2:$C$29,MATCH($E46,Products!$A$2:$A$29,0)) -> Hydration | H46: Yes | I46: Out of stock | J46: =IF(H46="No","-",IF(I46="Available","Good supply",IF(I46="Low stock","Few left",IF(I46="Out of stock","None",IF(I46="Temporarily unavailable","Unavailable","Unknown"))))) -> None | K46: Staff verified | L46: 46308.484 | M46: =IF(L46="","",ROUND((Config!$B$2-L46)*1440,0)) -> 203 | N46: =IF(K46="Staff verified",Config!$B$4,IF(OR(K46="Authorized student verified",K46="Multiple student reports",K46="Single student report"),Config!$B$3,"")) -> 240 | O46: =IF(H46="No","n/a",IF(L46="","Unverified Data",IF(M46>N46,"Stale report",K46))) -> Staff verified | P46: =IF(AND(H46="Yes",OR(I46="Available",I46="Low stock")),IF(O46="Stale report","Verify first","Yes"),"No") -> No | Q46: =IF(H46="Yes","proposed_pending_approval","n/a") -> proposed_pending_approval | R46: =IF(H46="Yes","Retail swipe (proposed) / RU Express / Cash or card","n/a") -> Retail swipe (proposed) / RU Express / Cash or card | S46: =INDEX(Products!$I$2:$I$29,MATCH($E46,Products!$A$2:$A$29,0)) -> 2 bottles | T46: =IF(H46="Yes",Config!$B$5,"") -> 75 | U46: =INDEX(Products!$J$2:$J$29,MATCH($E46,Products!$A$2:$A$29,0)) -> No | V46: SIMULATED - proposed campus health-supply program
A47: INV-046 | B47: L02 | C47: =INDEX(Locations!$B$2:$B$9,MATCH($B47,Locations!$A$2:$A$9,0)) -> Cafe West | D47: =INDEX(Locations!$C$2:$C$9,MATCH($B47,Locations!$A$2:$A$9,0)) -> College Avenue | E47: P18 | F47: =INDEX(Products!$B$2:$B$29,MATCH($E47,Products!$A$2:$A$29,0)) -> Digital thermometer (brand varies) | G47: =INDEX(Products!$C$2:$C$29,MATCH($E47,Products!$A$2:$A$29,0)) -> Diagnostics | H47: Yes | I47: Available | J47: =IF(H47="No","-",IF(I47="Available","Good supply",IF(I47="Low stock","Few left",IF(I47="Out of stock","None",IF(I47="Temporarily unavailable","Unavailable","Unknown"))))) -> Good supply | K47: Verified student report | L47: 46308.608 | M47: =IF(L47="","",ROUND((Config!$B$2-L47)*1440,0)) -> 25 | N47: =IF(K47="Staff verified",Config!$B$4,IF(OR(K47="Authorized student verified",K47="Multiple student reports",K47="Single student report"),Config!$B$3,"")) | O47: =IF(H47="No","n/a",IF(L47="","Unverified Data",IF(M47>N47,"Stale report",K47))) -> Verified student report | P47: =IF(AND(H47="Yes",OR(I47="Available",I47="Low stock")),IF(O47="Stale report","Verify first","Yes"),"No") -> Yes | Q47: =IF(H47="Yes","proposed_pending_approval","n/a") -> proposed_pending_approval | R47: =IF(H47="Yes","Retail swipe (proposed) / RU Express / Cash or card","n/a") -> Retail swipe (proposed) / RU Express / Cash or card | S47: =INDEX(Products!$I$2:$I$29,MATCH($E47,Products!$A$2:$A$29,0)) -> 1 unit | T47: =IF(H47="Yes",Config!$B$5,"") -> 75 | U47: =INDEX(Products!$J$2:$J$29,MATCH($E47,Products!$A$2:$A$29,0)) -> No | V47: SIMULATED - proposed campus health-supply program
A48: INV-047 | B48: L02 | C48: =INDEX(Locations!$B$2:$B$9,MATCH($B48,Locations!$A$2:$A$9,0)) -> Cafe West | D48: =INDEX(Locations!$C$2:$C$9,MATCH($B48,Locations!$A$2:$A$9,0)) -> College Avenue | E48: P19 | F48: =INDEX(Products!$B$2:$B$29,MATCH($E48,Products!$A$2:$A$29,0)) -> iHealth COVID-19 Antigen Rapid Test | G48: =INDEX(Products!$C$2:$C$29,MATCH($E48,Products!$A$2:$A$29,0)) -> Diagnostics | H48: Yes | I48: Low stock | J48: =IF(H48="No","-",IF(I48="Available","Good supply",IF(I48="Low stock","Few left",IF(I48="Out of stock","None",IF(I48="Temporarily unavailable","Unavailable","Unknown"))))) -> Few left | K48: Verified student report | L48: 46308.622 | M48: =IF(L48="","",ROUND((Config!$B$2-L48)*1440,0)) -> 5 | N48: =IF(K48="Staff verified",Config!$B$4,IF(OR(K48="Authorized student verified",K48="Multiple student reports",K48="Single student report"),Config!$B$3,"")) | O48: =IF(H48="No","n/a",IF(L48="","Unverified Data",IF(M48>N48,"Stale report",K48))) -> Verified student report | P48: =IF(AND(H48="Yes",OR(I48="Available",I48="Low stock")),IF(O48="Stale report","Verify first","Yes"),"No") -> Yes | Q48: =IF(H48="Yes","proposed_pending_approval","n/a") -> proposed_pending_approval | R48: =IF(H48="Yes","Retail swipe (proposed) / RU Express / Cash or card","n/a") -> Retail swipe (proposed) / RU Express / Cash or card | S48: =INDEX(Products!$I$2:$I$29,MATCH($E48,Products!$A$2:$A$29,0)) -> 1 kit | T48: =IF(H48="Yes",Config!$B$5,"") -> 75 | U48: =INDEX(Products!$J$2:$J$29,MATCH($E48,Products!$A$2:$A$29,0)) -> No | V48: SIMULATED - proposed campus health-supply program
A49: INV-048 | B49: L02 | C49: =INDEX(Locations!$B$2:$B$9,MATCH($B49,Locations!$A$2:$A$9,0)) -> Cafe West | D49: =INDEX(Locations!$C$2:$C$9,MATCH($B49,Locations!$A$2:$A$9,0)) -> College Avenue | E49: P20 | F49: =INDEX(Products!$B$2:$B$29,MATCH($E49,Products!$A$2:$A$29,0)) -> Band-Aid Brand Adhesive Bandages | G49: =INDEX(Products!$C$2:$C$29,MATCH($E49,Products!$A$2:$A$29,0)) -> First aid & comfort | H49: Yes | I49: Available | J49: =IF(H49="No","-",IF(I49="Available","Good supply",IF(I49="Low stock","Few left",IF(I49="Out of stock","None",IF(I49="Temporarily unavailable","Unavailable","Unknown"))))) -> Good supply | K49: Verified student report | L49: 46308.598 | M49: =IF(L49="","",ROUND((Config!$B$2-L49)*1440,0)) -> 39 | N49: =IF(K49="Staff verified",Config!$B$4,IF(OR(K49="Authorized student verified",K49="Multiple student reports",K49="Single student report"),Config!$B$3,"")) | O49: =IF(H49="No","n/a",IF(L49="","Unverified Data",IF(M49>N49,"Stale report",K49))) -> Verified student report | P49: =IF(AND(H49="Yes",OR(I49="Available",I49="Low stock")),IF(O49="Stale report","Verify first","Yes"),"No") -> Yes | Q49: =IF(H49="Yes","proposed_pending_approval","n/a") -> proposed_pending_approval | R49: =IF(H49="Yes","Retail swipe (proposed) / RU Express / Cash or card","n/a") -> Retail swipe (proposed) / RU Express / Cash or card | S49: =INDEX(Products!$I$2:$I$29,MATCH($E49,Products!$A$2:$A$29,0)) -> 1 box | T49: =IF(H49="Yes",Config!$B$5,"") -> 75 | U49: =INDEX(Products!$J$2:$J$29,MATCH($E49,Products!$A$2:$A$29,0)) -> No | V49: SIMULATED - proposed campus health-supply program
A50: INV-049 | B50: L02 | C50: =INDEX(Locations!$B$2:$B$9,MATCH($B50,Locations!$A$2:$A$9,0)) -> Cafe West | D50: =INDEX(Locations!$C$2:$C$9,MATCH($B50,Locations!$A$2:$A$9,0)) -> College Avenue | E50: P21 | F50: =INDEX(Products!$B$2:$B$29,MATCH($E50,Products!$A$2:$A$29,0)) -> Johnson & Johnson First Aid To Go Kit | G50: =INDEX(Products!$C$2:$C$29,MATCH($E50,Products!$A$2:$A$29,0)) -> First aid & comfort | H50: Yes | I50: Low stock | J50: =IF(H50="No","-",IF(I50="Available","Good supply",IF(I50="Low stock","Few left",IF(I50="Out of stock","None",IF(I50="Temporarily unavailable","Unavailable","Unknown"))))) -> Few left | K50: Verified student report | L50: 46308.618 | M50: =IF(L50="","",ROUND((Config!$B$2-L50)*1440,0)) -> 10 | N50: =IF(K50="Staff verified",Config!$B$4,IF(OR(K50="Authorized student verified",K50="Multiple student reports",K50="Single student report"),Config!$B$3,"")) | O50: =IF(H50="No","n/a",IF(L50="","Unverified Data",IF(M50>N50,"Stale report",K50))) -> Verified student report | P50: =IF(AND(H50="Yes",OR(I50="Available",I50="Low stock")),IF(O50="Stale report","Verify first","Yes"),"No") -> Yes | Q50: =IF(H50="Yes","proposed_pending_approval","n/a") -> proposed_pending_approval | R50: =IF(H50="Yes","Retail swipe (proposed) / RU Express / Cash or card","n/a") -> Retail swipe (proposed) / RU Express / Cash or card | S50: =INDEX(Products!$I$2:$I$29,MATCH($E50,Products!$A$2:$A$29,0)) -> 1 kit | T50: =IF(H50="Yes",Config!$B$5,"") -> 75 | U50: =INDEX(Products!$J$2:$J$29,MATCH($E50,Products!$A$2:$A$29,0)) -> No | V50: SIMULATED - proposed campus health-supply program
A51: INV-050 | B51: L02 | C51: =INDEX(Locations!$B$2:$B$9,MATCH($B51,Locations!$A$2:$A$9,0)) -> Cafe West | D51: =INDEX(Locations!$C$2:$C$9,MATCH($B51,Locations!$A$2:$A$9,0)) -> College Avenue | E51: P22 | F51: =INDEX(Products!$B$2:$B$29,MATCH($E51,Products!$A$2:$A$29,0)) -> Neosporin Original Ointment | G51: =INDEX(Products!$C$2:$C$29,MATCH($E51,Products!$A$2:$A$29,0)) -> First aid & comfort | H51: Yes | I51: Available | J51: =IF(H51="No","-",IF(I51="Available","Good supply",IF(I51="Low stock","Few left",IF(I51="Out of stock","None",IF(I51="Temporarily unavailable","Unavailable","Unknown"))))) -> Good supply | K51: Verified student report | L51: 46308.52 | M51: =IF(L51="","",ROUND((Config!$B$2-L51)*1440,0)) -> 151 | N51: =IF(K51="Staff verified",Config!$B$4,IF(OR(K51="Authorized student verified",K51="Multiple student reports",K51="Single student report"),Config!$B$3,"")) | O51: =IF(H51="No","n/a",IF(L51="","Unverified Data",IF(M51>N51,"Stale report",K51))) -> Verified student report | P51: =IF(AND(H51="Yes",OR(I51="Available",I51="Low stock")),IF(O51="Stale report","Verify first","Yes"),"No") -> Yes | Q51: =IF(H51="Yes","proposed_pending_approval","n/a") -> proposed_pending_approval | R51: =IF(H51="Yes","Retail swipe (proposed) / RU Express / Cash or card","n/a") -> Retail swipe (proposed) / RU Express / Cash or card | S51: =INDEX(Products!$I$2:$I$29,MATCH($E51,Products!$A$2:$A$29,0)) -> 1 tube | T51: =IF(H51="Yes",Config!$B$5,"") -> 75 | U51: =INDEX(Products!$J$2:$J$29,MATCH($E51,Products!$A$2:$A$29,0)) -> No | V51: SIMULATED - proposed campus health-supply program
A52: INV-051 | B52: L02 | C52: =INDEX(Locations!$B$2:$B$9,MATCH($B52,Locations!$A$2:$A$9,0)) -> Cafe West | D52: =INDEX(Locations!$C$2:$C$9,MATCH($B52,Locations!$A$2:$A$9,0)) -> College Avenue | E52: P23 | F52: =INDEX(Products!$B$2:$B$29,MATCH($E52,Products!$A$2:$A$29,0)) -> Instant cold pack (brand varies) | G52: =INDEX(Products!$C$2:$C$29,MATCH($E52,Products!$A$2:$A$29,0)) -> First aid & comfort | H52: Yes | I52: Available | J52: =IF(H52="No","-",IF(I52="Available","Good supply",IF(I52="Low stock","Few left",IF(I52="Out of stock","None",IF(I52="Temporarily unavailable","Unavailable","Unknown"))))) -> Good supply | K52: Unverified Data | M52: =IF(L52="","",ROUND((Config!$B$2-L52)*1440,0)) | N52: =IF(K52="Staff verified",Config!$B$4,IF(OR(K52="Authorized student verified",K52="Multiple student reports",K52="Single student report"),Config!$B$3,"")) | O52: =IF(H52="No","n/a",IF(L52="","Unverified Data",IF(M52>N52,"Stale report",K52))) -> Unverified Data | P52: =IF(AND(H52="Yes",OR(I52="Available",I52="Low stock")),IF(O52="Stale report","Verify first","Yes"),"No") -> Yes | Q52: =IF(H52="Yes","proposed_pending_approval","n/a") -> proposed_pending_approval | R52: =IF(H52="Yes","Retail swipe (proposed) / RU Express / Cash or card","n/a") -> Retail swipe (proposed) / RU Express / Cash or card | S52: =INDEX(Products!$I$2:$I$29,MATCH($E52,Products!$A$2:$A$29,0)) -> 1 pack | T52: =IF(H52="Yes",Config!$B$5,"") -> 75 | U52: =INDEX(Products!$J$2:$J$29,MATCH($E52,Products!$A$2:$A$29,0)) -> No | V52: SIMULATED - proposed campus health-supply program
A53: INV-052 | B53: L02 | C53: =INDEX(Locations!$B$2:$B$9,MATCH($B53,Locations!$A$2:$A$9,0)) -> Cafe West | D53: =INDEX(Locations!$C$2:$C$9,MATCH($B53,Locations!$A$2:$A$9,0)) -> College Avenue | E53: P24 | F53: =INDEX(Products!$B$2:$B$29,MATCH($E53,Products!$A$2:$A$29,0)) -> ThermaCare Heat Wrap | G53: =INDEX(Products!$C$2:$C$29,MATCH($E53,Products!$A$2:$A$29,0)) -> First aid & comfort | H53: Yes | I53: Low stock | J53: =IF(H53="No","-",IF(I53="Available","Good supply",IF(I53="Low stock","Few left",IF(I53="Out of stock","None",IF(I53="Temporarily unavailable","Unavailable","Unknown"))))) -> Few left | K53: Unverified Data | M53: =IF(L53="","",ROUND((Config!$B$2-L53)*1440,0)) | N53: =IF(K53="Staff verified",Config!$B$4,IF(OR(K53="Authorized student verified",K53="Multiple student reports",K53="Single student report"),Config!$B$3,"")) | O53: =IF(H53="No","n/a",IF(L53="","Unverified Data",IF(M53>N53,"Stale report",K53))) -> Unverified Data | P53: =IF(AND(H53="Yes",OR(I53="Available",I53="Low stock")),IF(O53="Stale report","Verify first","Yes"),"No") -> Yes | Q53: =IF(H53="Yes","proposed_pending_approval","n/a") -> proposed_pending_approval | R53: =IF(H53="Yes","Retail swipe (proposed) / RU Express / Cash or card","n/a") -> Retail swipe (proposed) / RU Express / Cash or card | S53: =INDEX(Products!$I$2:$I$29,MATCH($E53,Products!$A$2:$A$29,0)) -> 1 package | T53: =IF(H53="Yes",Config!$B$5,"") -> 75 | U53: =INDEX(Products!$J$2:$J$29,MATCH($E53,Products!$A$2:$A$29,0)) -> No | V53: SIMULATED - proposed campus health-supply program
A54: INV-053 | B54: L02 | C54: =INDEX(Locations!$B$2:$B$9,MATCH($B54,Locations!$A$2:$A$9,0)) -> Cafe West | D54: =INDEX(Locations!$C$2:$C$9,MATCH($B54,Locations!$A$2:$A$9,0)) -> College Avenue | E54: P25 | F54: =INDEX(Products!$B$2:$B$29,MATCH($E54,Products!$A$2:$A$29,0)) -> Always Ultra Thin Pads | G54: =INDEX(Products!$C$2:$C$29,MATCH($E54,Products!$A$2:$A$29,0)) -> Menstrual & hygiene | H54: Yes | I54: Available | J54: =IF(H54="No","-",IF(I54="Available","Good supply",IF(I54="Low stock","Few left",IF(I54="Out of stock","None",IF(I54="Temporarily unavailable","Unavailable","Unknown"))))) -> Good supply | K54: Verified student report | L54: 46308.621 | M54: =IF(L54="","",ROUND((Config!$B$2-L54)*1440,0)) -> 6 | N54: =IF(K54="Staff verified",Config!$B$4,IF(OR(K54="Authorized student verified",K54="Multiple student reports",K54="Single student report"),Config!$B$3,"")) | O54: =IF(H54="No","n/a",IF(L54="","Unverified Data",IF(M54>N54,"Stale report",K54))) -> Verified student report | P54: =IF(AND(H54="Yes",OR(I54="Available",I54="Low stock")),IF(O54="Stale report","Verify first","Yes"),"No") -> Yes | Q54: =IF(H54="Yes","proposed_pending_approval","n/a") -> proposed_pending_approval | R54: =IF(H54="Yes","Retail swipe (proposed) / RU Express / Cash or card","n/a") -> Retail swipe (proposed) / RU Express / Cash or card | S54: =INDEX(Products!$I$2:$I$29,MATCH($E54,Products!$A$2:$A$29,0)) -> 1 package | T54: =IF(H54="Yes",Config!$B$5,"") -> 75 | U54: =INDEX(Products!$J$2:$J$29,MATCH($E54,Products!$A$2:$A$29,0)) -> No | V54: SIMULATED - proposed campus health-supply program
A55: INV-054 | B55: L02 | C55: =INDEX(Locations!$B$2:$B$9,MATCH($B55,Locations!$A$2:$A$9,0)) -> Cafe West | D55: =INDEX(Locations!$C$2:$C$9,MATCH($B55,Locations!$A$2:$A$9,0)) -> College Avenue | E55: P26 | F55: =INDEX(Products!$B$2:$B$29,MATCH($E55,Products!$A$2:$A$29,0)) -> Tampax Pearl Tampons | G55: =INDEX(Products!$C$2:$C$29,MATCH($E55,Products!$A$2:$A$29,0)) -> Menstrual & hygiene | H55: Yes | I55: Available | J55: =IF(H55="No","-",IF(I55="Available","Good supply",IF(I55="Low stock","Few left",IF(I55="Out of stock","None",IF(I55="Temporarily unavailable","Unavailable","Unknown"))))) -> Good supply | K55: Verified student report | L55: 46308.606 | M55: =IF(L55="","",ROUND((Config!$B$2-L55)*1440,0)) -> 28 | N55: =IF(K55="Staff verified",Config!$B$4,IF(OR(K55="Authorized student verified",K55="Multiple student reports",K55="Single student report"),Config!$B$3,"")) | O55: =IF(H55="No","n/a",IF(L55="","Unverified Data",IF(M55>N55,"Stale report",K55))) -> Verified student report | P55: =IF(AND(H55="Yes",OR(I55="Available",I55="Low stock")),IF(O55="Stale report","Verify first","Yes"),"No") -> Yes | Q55: =IF(H55="Yes","proposed_pending_approval","n/a") -> proposed_pending_approval | R55: =IF(H55="Yes","Retail swipe (proposed) / RU Express / Cash or card","n/a") -> Retail swipe (proposed) / RU Express / Cash or card | S55: =INDEX(Products!$I$2:$I$29,MATCH($E55,Products!$A$2:$A$29,0)) -> 1 package | T55: =IF(H55="Yes",Config!$B$5,"") -> 75 | U55: =INDEX(Products!$J$2:$J$29,MATCH($E55,Products!$A$2:$A$29,0)) -> No | V55: SIMULATED - proposed campus health-supply program
A56: INV-055 | B56: L02 | C56: =INDEX(Locations!$B$2:$B$9,MATCH($B56,Locations!$A$2:$A$9,0)) -> Cafe West | D56: =INDEX(Locations!$C$2:$C$9,MATCH($B56,Locations!$A$2:$A$9,0)) -> College Avenue | E56: P27 | F56: =INDEX(Products!$B$2:$B$29,MATCH($E56,Products!$A$2:$A$29,0)) -> Purell Advanced Hand Sanitizer | G56: =INDEX(Products!$C$2:$C$29,MATCH($E56,Products!$A$2:$A$29,0)) -> Menstrual & hygiene | H56: Yes | I56: Unknown | J56: =IF(H56="No","-",IF(I56="Available","Good supply",IF(I56="Low stock","Few left",IF(I56="Out of stock","None",IF(I56="Temporarily unavailable","Unavailable","Unknown"))))) -> Unknown | K56: Unverified Data | M56: =IF(L56="","",ROUND((Config!$B$2-L56)*1440,0)) | N56: =IF(K56="Staff verified",Config!$B$4,IF(OR(K56="Authorized student verified",K56="Multiple student reports",K56="Single student report"),Config!$B$3,"")) | O56: =IF(H56="No","n/a",IF(L56="","Unverified Data",IF(M56>N56,"Stale report",K56))) -> Unverified Data | P56: =IF(AND(H56="Yes",OR(I56="Available",I56="Low stock")),IF(O56="Stale report","Verify first","Yes"),"No") -> No | Q56: =IF(H56="Yes","proposed_pending_approval","n/a") -> proposed_pending_approval | R56: =IF(H56="Yes","Retail swipe (proposed) / RU Express / Cash or card","n/a") -> Retail swipe (proposed) / RU Express / Cash or card | S56: =INDEX(Products!$I$2:$I$29,MATCH($E56,Products!$A$2:$A$29,0)) -> 1 bottle | T56: =IF(H56="Yes",Config!$B$5,"") -> 75 | U56: =INDEX(Products!$J$2:$J$29,MATCH($E56,Products!$A$2:$A$29,0)) -> No | V56: SIMULATED - proposed campus health-supply program
A57: INV-056 | B57: L02 | C57: =INDEX(Locations!$B$2:$B$9,MATCH($B57,Locations!$A$2:$A$9,0)) -> Cafe West | D57: =INDEX(Locations!$C$2:$C$9,MATCH($B57,Locations!$A$2:$A$9,0)) -> College Avenue | E57: P28 | F57: =INDEX(Products!$B$2:$B$29,MATCH($E57,Products!$A$2:$A$29,0)) -> Disposable face masks (brand varies) | G57: =INDEX(Products!$C$2:$C$29,MATCH($E57,Products!$A$2:$A$29,0)) -> Menstrual & hygiene | H57: Yes | I57: Available | J57: =IF(H57="No","-",IF(I57="Available","Good supply",IF(I57="Low stock","Few left",IF(I57="Out of stock","None",IF(I57="Temporarily unavailable","Unavailable","Unknown"))))) -> Good supply | K57: Staff verified | L57: 46308.574 | M57: =IF(L57="","",ROUND((Config!$B$2-L57)*1440,0)) -> 74 | N57: =IF(K57="Staff verified",Config!$B$4,IF(OR(K57="Authorized student verified",K57="Multiple student reports",K57="Single student report"),Config!$B$3,"")) -> 240 | O57: =IF(H57="No","n/a",IF(L57="","Unverified Data",IF(M57>N57,"Stale report",K57))) -> Staff verified | P57: =IF(AND(H57="Yes",OR(I57="Available",I57="Low stock")),IF(O57="Stale report","Verify first","Yes"),"No") -> Yes | Q57: =IF(H57="Yes","proposed_pending_approval","n/a") -> proposed_pending_approval | R57: =IF(H57="Yes","Retail swipe (proposed) / RU Express / Cash or card","n/a") -> Retail swipe (proposed) / RU Express / Cash or card | S57: =INDEX(Products!$I$2:$I$29,MATCH($E57,Products!$A$2:$A$29,0)) -> 1 pack | T57: =IF(H57="Yes",Config!$B$5,"") -> 75 | U57: =INDEX(Products!$J$2:$J$29,MATCH($E57,Products!$A$2:$A$29,0)) -> No | V57: SIMULATED - proposed campus health-supply program
A58: INV-057 | B58: L03 | C58: =INDEX(Locations!$B$2:$B$9,MATCH($B58,Locations!$A$2:$A$9,0)) -> Kilmer's Market | D58: =INDEX(Locations!$C$2:$C$9,MATCH($B58,Locations!$A$2:$A$9,0)) -> Livingston | E58: P01 | F58: =INDEX(Products!$B$2:$B$29,MATCH($E58,Products!$A$2:$A$29,0)) -> Tylenol Extra Strength | G58: =INDEX(Products!$C$2:$C$29,MATCH($E58,Products!$A$2:$A$29,0)) -> Pain & fever | H58: Yes | I58: Available | J58: =IF(H58="No","-",IF(I58="Available","Good supply",IF(I58="Low stock","Few left",IF(I58="Out of stock","None",IF(I58="Temporarily unavailable","Unavailable","Unknown"))))) -> Good supply | K58: Unverified Data | M58: =IF(L58="","",ROUND((Config!$B$2-L58)*1440,0)) | N58: =IF(K58="Staff verified",Config!$B$4,IF(OR(K58="Authorized student verified",K58="Multiple student reports",K58="Single student report"),Config!$B$3,"")) | O58: =IF(H58="No","n/a",IF(L58="","Unverified Data",IF(M58>N58,"Stale report",K58))) -> Unverified Data | P58: =IF(AND(H58="Yes",OR(I58="Available",I58="Low stock")),IF(O58="Stale report","Verify first","Yes"),"No") -> Yes | Q58: =IF(H58="Yes","proposed_pending_approval","n/a") -> proposed_pending_approval | R58: =IF(H58="Yes","Retail swipe (proposed) / RU Express / Cash or card","n/a") -> Retail swipe (proposed) / RU Express / Cash or card | S58: =INDEX(Products!$I$2:$I$29,MATCH($E58,Products!$A$2:$A$29,0)) -> 1 package | T58: =IF(H58="Yes",Config!$B$5,"") -> 75 | U58: =INDEX(Products!$J$2:$J$29,MATCH($E58,Products!$A$2:$A$29,0)) -> No | V58: SIMULATED - proposed campus health-supply program
A59: INV-058 | B59: L03 | C59: =INDEX(Locations!$B$2:$B$9,MATCH($B59,Locations!$A$2:$A$9,0)) -> Kilmer's Market | D59: =INDEX(Locations!$C$2:$C$9,MATCH($B59,Locations!$A$2:$A$9,0)) -> Livingston | E59: P02 | F59: =INDEX(Products!$B$2:$B$29,MATCH($E59,Products!$A$2:$A$29,0)) -> Advil | G59: =INDEX(Products!$C$2:$C$29,MATCH($E59,Products!$A$2:$A$29,0)) -> Pain & fever | H59: Yes | I59: Out of stock | J59: =IF(H59="No","-",IF(I59="Available","Good supply",IF(I59="Low stock","Few left",IF(I59="Out of stock","None",IF(I59="Temporarily unavailable","Unavailable","Unknown"))))) -> None | K59: Staff verified | L59: 46308.611 | M59: =IF(L59="","",ROUND((Config!$B$2-L59)*1440,0)) -> 20 | N59: =IF(K59="Staff verified",Config!$B$4,IF(OR(K59="Authorized student verified",K59="Multiple student reports",K59="Single student report"),Config!$B$3,"")) -> 240 | O59: =IF(H59="No","n/a",IF(L59="","Unverified Data",IF(M59>N59,"Stale report",K59))) -> Staff verified | P59: =IF(AND(H59="Yes",OR(I59="Available",I59="Low stock")),IF(O59="Stale report","Verify first","Yes"),"No") -> No | Q59: =IF(H59="Yes","proposed_pending_approval","n/a") -> proposed_pending_approval | R59: =IF(H59="Yes","Retail swipe (proposed) / RU Express / Cash or card","n/a") -> Retail swipe (proposed) / RU Express / Cash or card | S59: =INDEX(Products!$I$2:$I$29,MATCH($E59,Products!$A$2:$A$29,0)) -> 1 package | T59: =IF(H59="Yes",Config!$B$5,"") -> 75 | U59: =INDEX(Products!$J$2:$J$29,MATCH($E59,Products!$A$2:$A$29,0)) -> No | V59: SIMULATED - proposed campus health-supply program
A60: INV-059 | B60: L03 | C60: =INDEX(Locations!$B$2:$B$9,MATCH($B60,Locations!$A$2:$A$9,0)) -> Kilmer's Market | D60: =INDEX(Locations!$C$2:$C$9,MATCH($B60,Locations!$A$2:$A$9,0)) -> Livingston | E60: P03 | F60: =INDEX(Products!$B$2:$B$29,MATCH($E60,Products!$A$2:$A$29,0)) -> Aleve | G60: =INDEX(Products!$C$2:$C$29,MATCH($E60,Products!$A$2:$A$29,0)) -> Pain & fever | H60: Yes | I60: Low stock | J60: =IF(H60="No","-",IF(I60="Available","Good supply",IF(I60="Low stock","Few left",IF(I60="Out of stock","None",IF(I60="Temporarily unavailable","Unavailable","Unknown"))))) -> Few left | K60: Verified student report | L60: 46308.594 | M60: =IF(L60="","",ROUND((Config!$B$2-L60)*1440,0)) -> 44 | N60: =IF(K60="Staff verified",Config!$B$4,IF(OR(K60="Authorized student verified",K60="Multiple student reports",K60="Single student report"),Config!$B$3,"")) | O60: =IF(H60="No","n/a",IF(L60="","Unverified Data",IF(M60>N60,"Stale report",K60))) -> Verified student report | P60: =IF(AND(H60="Yes",OR(I60="Available",I60="Low stock")),IF(O60="Stale report","Verify first","Yes"),"No") -> Yes | Q60: =IF(H60="Yes","proposed_pending_approval","n/a") -> proposed_pending_approval | R60: =IF(H60="Yes","Retail swipe (proposed) / RU Express / Cash or card","n/a") -> Retail swipe (proposed) / RU Express / Cash or card | S60: =INDEX(Products!$I$2:$I$29,MATCH($E60,Products!$A$2:$A$29,0)) -> 1 package | T60: =IF(H60="Yes",Config!$B$5,"") -> 75 | U60: =INDEX(Products!$J$2:$J$29,MATCH($E60,Products!$A$2:$A$29,0)) -> No | V60: SIMULATED - proposed campus health-supply program
A61: INV-060 | B61: L03 | C61: =INDEX(Locations!$B$2:$B$9,MATCH($B61,Locations!$A$2:$A$9,0)) -> Kilmer's Market | D61: =INDEX(Locations!$C$2:$C$9,MATCH($B61,Locations!$A$2:$A$9,0)) -> Livingston | E61: P04 | F61: =INDEX(Products!$B$2:$B$29,MATCH($E61,Products!$A$2:$A$29,0)) -> Excedrin Migraine | G61: =INDEX(Products!$C$2:$C$29,MATCH($E61,Products!$A$2:$A$29,0)) -> Pain & fever | H61: Yes | I61: Unknown | J61: =IF(H61="No","-",IF(I61="Available","Good supply",IF(I61="Low stock","Few left",IF(I61="Out of stock","None",IF(I61="Temporarily unavailable","Unavailable","Unknown"))))) -> Unknown | K61: Unverified Data | M61: =IF(L61="","",ROUND((Config!$B$2-L61)*1440,0)) | N61: =IF(K61="Staff verified",Config!$B$4,IF(OR(K61="Authorized student verified",K61="Multiple student reports",K61="Single student report"),Config!$B$3,"")) | O61: =IF(H61="No","n/a",IF(L61="","Unverified Data",IF(M61>N61,"Stale report",K61))) -> Unverified Data | P61: =IF(AND(H61="Yes",OR(I61="Available",I61="Low stock")),IF(O61="Stale report","Verify first","Yes"),"No") -> No | Q61: =IF(H61="Yes","proposed_pending_approval","n/a") -> proposed_pending_approval | R61: =IF(H61="Yes","Retail swipe (proposed) / RU Express / Cash or card","n/a") -> Retail swipe (proposed) / RU Express / Cash or card | S61: =INDEX(Products!$I$2:$I$29,MATCH($E61,Products!$A$2:$A$29,0)) -> 1 package | T61: =IF(H61="Yes",Config!$B$5,"") -> 75 | U61: =INDEX(Products!$J$2:$J$29,MATCH($E61,Products!$A$2:$A$29,0)) -> No | V61: SIMULATED - proposed campus health-supply program
A62: INV-061 | B62: L03 | C62: =INDEX(Locations!$B$2:$B$9,MATCH($B62,Locations!$A$2:$A$9,0)) -> Kilmer's Market | D62: =INDEX(Locations!$C$2:$C$9,MATCH($B62,Locations!$A$2:$A$9,0)) -> Livingston | E62: P05 | F62: =INDEX(Products!$B$2:$B$29,MATCH($E62,Products!$A$2:$A$29,0)) -> Halls Mentho-Lyptus | G62: =INDEX(Products!$C$2:$C$29,MATCH($E62,Products!$A$2:$A$29,0)) -> Cold & cough | H62: Yes | I62: Low stock | J62: =IF(H62="No","-",IF(I62="Available","Good supply",IF(I62="Low stock","Few left",IF(I62="Out of stock","None",IF(I62="Temporarily unavailable","Unavailable","Unknown"))))) -> Few left | K62: Unverified Data | M62: =IF(L62="","",ROUND((Config!$B$2-L62)*1440,0)) | N62: =IF(K62="Staff verified",Config!$B$4,IF(OR(K62="Authorized student verified",K62="Multiple student reports",K62="Single student report"),Config!$B$3,"")) | O62: =IF(H62="No","n/a",IF(L62="","Unverified Data",IF(M62>N62,"Stale report",K62))) -> Unverified Data | P62: =IF(AND(H62="Yes",OR(I62="Available",I62="Low stock")),IF(O62="Stale report","Verify first","Yes"),"No") -> Yes | Q62: =IF(H62="Yes","proposed_pending_approval","n/a") -> proposed_pending_approval | R62: =IF(H62="Yes","Retail swipe (proposed) / RU Express / Cash or card","n/a") -> Retail swipe (proposed) / RU Express / Cash or card | S62: =INDEX(Products!$I$2:$I$29,MATCH($E62,Products!$A$2:$A$29,0)) -> 2 bags | T62: =IF(H62="Yes",Config!$B$5,"") -> 75 | U62: =INDEX(Products!$J$2:$J$29,MATCH($E62,Products!$A$2:$A$29,0)) -> No | V62: SIMULATED - proposed campus health-supply program
A63: INV-062 | B63: L03 | C63: =INDEX(Locations!$B$2:$B$9,MATCH($B63,Locations!$A$2:$A$9,0)) -> Kilmer's Market | D63: =INDEX(Locations!$C$2:$C$9,MATCH($B63,Locations!$A$2:$A$9,0)) -> Livingston | E63: P06 | F63: =INDEX(Products!$B$2:$B$29,MATCH($E63,Products!$A$2:$A$29,0)) -> Ricola Original Natural Herb | G63: =INDEX(Products!$C$2:$C$29,MATCH($E63,Products!$A$2:$A$29,0)) -> Cold & cough | H63: Yes | I63: Available | J63: =IF(H63="No","-",IF(I63="Available","Good supply",IF(I63="Low stock","Few left",IF(I63="Out of stock","None",IF(I63="Temporarily unavailable","Unavailable","Unknown"))))) -> Good supply | K63: Verified student report | L63: 46308.62 | M63: =IF(L63="","",ROUND((Config!$B$2-L63)*1440,0)) -> 7 | N63: =IF(K63="Staff verified",Config!$B$4,IF(OR(K63="Authorized student verified",K63="Multiple student reports",K63="Single student report"),Config!$B$3,"")) | O63: =IF(H63="No","n/a",IF(L63="","Unverified Data",IF(M63>N63,"Stale report",K63))) -> Verified student report | P63: =IF(AND(H63="Yes",OR(I63="Available",I63="Low stock")),IF(O63="Stale report","Verify first","Yes"),"No") -> Yes | Q63: =IF(H63="Yes","proposed_pending_approval","n/a") -> proposed_pending_approval | R63: =IF(H63="Yes","Retail swipe (proposed) / RU Express / Cash or card","n/a") -> Retail swipe (proposed) / RU Express / Cash or card | S63: =INDEX(Products!$I$2:$I$29,MATCH($E63,Products!$A$2:$A$29,0)) -> 2 bags | T63: =IF(H63="Yes",Config!$B$5,"") -> 75 | U63: =INDEX(Products!$J$2:$J$29,MATCH($E63,Products!$A$2:$A$29,0)) -> No | V63: SIMULATED - proposed campus health-supply program
A64: INV-063 | B64: L03 | C64: =INDEX(Locations!$B$2:$B$9,MATCH($B64,Locations!$A$2:$A$9,0)) -> Kilmer's Market | D64: =INDEX(Locations!$C$2:$C$9,MATCH($B64,Locations!$A$2:$A$9,0)) -> Livingston | E64: P07 | F64: =INDEX(Products!$B$2:$B$29,MATCH($E64,Products!$A$2:$A$29,0)) -> Chloraseptic Sore Throat Spray | G64: =INDEX(Products!$C$2:$C$29,MATCH($E64,Products!$A$2:$A$29,0)) -> Cold & cough | H64: Yes | I64: Available | J64: =IF(H64="No","-",IF(I64="Available","Good supply",IF(I64="Low stock","Few left",IF(I64="Out of stock","None",IF(I64="Temporarily unavailable","Unavailable","Unknown"))))) -> Good supply | K64: Staff verified | L64: 46308.474 | M64: =IF(L64="","",ROUND((Config!$B$2-L64)*1440,0)) -> 218 | N64: =IF(K64="Staff verified",Config!$B$4,IF(OR(K64="Authorized student verified",K64="Multiple student reports",K64="Single student report"),Config!$B$3,"")) -> 240 | O64: =IF(H64="No","n/a",IF(L64="","Unverified Data",IF(M64>N64,"Stale report",K64))) -> Staff verified | P64: =IF(AND(H64="Yes",OR(I64="Available",I64="Low stock")),IF(O64="Stale report","Verify first","Yes"),"No") -> Yes | Q64: =IF(H64="Yes","proposed_pending_approval","n/a") -> proposed_pending_approval | R64: =IF(H64="Yes","Retail swipe (proposed) / RU Express / Cash or card","n/a") -> Retail swipe (proposed) / RU Express / Cash or card | S64: =INDEX(Products!$I$2:$I$29,MATCH($E64,Products!$A$2:$A$29,0)) -> 1 bottle | T64: =IF(H64="Yes",Config!$B$5,"") -> 75 | U64: =INDEX(Products!$J$2:$J$29,MATCH($E64,Products!$A$2:$A$29,0)) -> No | V64: SIMULATED - proposed campus health-supply program
A65: INV-064 | B65: L03 | C65: =INDEX(Locations!$B$2:$B$9,MATCH($B65,Locations!$A$2:$A$9,0)) -> Kilmer's Market | D65: =INDEX(Locations!$C$2:$C$9,MATCH($B65,Locations!$A$2:$A$9,0)) -> Livingston | E65: P08 | F65: =INDEX(Products!$B$2:$B$29,MATCH($E65,Products!$A$2:$A$29,0)) -> Mucinex | G65: =INDEX(Products!$C$2:$C$29,MATCH($E65,Products!$A$2:$A$29,0)) -> Cold & cough | H65: Yes | I65: Available | J65: =IF(H65="No","-",IF(I65="Available","Good supply",IF(I65="Low stock","Few left",IF(I65="Out of stock","None",IF(I65="Temporarily unavailable","Unavailable","Unknown"))))) -> Good supply | K65: Unverified Data | M65: =IF(L65="","",ROUND((Config!$B$2-L65)*1440,0)) | N65: =IF(K65="Staff verified",Config!$B$4,IF(OR(K65="Authorized student verified",K65="Multiple student reports",K65="Single student report"),Config!$B$3,"")) | O65: =IF(H65="No","n/a",IF(L65="","Unverified Data",IF(M65>N65,"Stale report",K65))) -> Unverified Data | P65: =IF(AND(H65="Yes",OR(I65="Available",I65="Low stock")),IF(O65="Stale report","Verify first","Yes"),"No") -> Yes | Q65: =IF(H65="Yes","proposed_pending_approval","n/a") -> proposed_pending_approval | R65: =IF(H65="Yes","Retail swipe (proposed) / RU Express / Cash or card","n/a") -> Retail swipe (proposed) / RU Express / Cash or card | S65: =INDEX(Products!$I$2:$I$29,MATCH($E65,Products!$A$2:$A$29,0)) -> 1 package | T65: =IF(H65="Yes",Config!$B$5,"") -> 75 | U65: =INDEX(Products!$J$2:$J$29,MATCH($E65,Products!$A$2:$A$29,0)) -> No | V65: SIMULATED - proposed campus health-supply program
A66: INV-065 | B66: L03 | C66: =INDEX(Locations!$B$2:$B$9,MATCH($B66,Locations!$A$2:$A$9,0)) -> Kilmer's Market | D66: =INDEX(Locations!$C$2:$C$9,MATCH($B66,Locations!$A$2:$A$9,0)) -> Livingston | E66: P09 | F66: =INDEX(Products!$B$2:$B$29,MATCH($E66,Products!$A$2:$A$29,0)) -> Robitussin DM | G66: =INDEX(Products!$C$2:$C$29,MATCH($E66,Products!$A$2:$A$29,0)) -> Cold & cough | H66: Yes | I66: Available | J66: =IF(H66="No","-",IF(I66="Available","Good supply",IF(I66="Low stock","Few left",IF(I66="Out of stock","None",IF(I66="Temporarily unavailable","Unavailable","Unknown"))))) -> Good supply | K66: Verified student report | L66: 46308.519 | M66: =IF(L66="","",ROUND((Config!$B$2-L66)*1440,0)) -> 153 | N66: =IF(K66="Staff verified",Config!$B$4,IF(OR(K66="Authorized student verified",K66="Multiple student reports",K66="Single student report"),Config!$B$3,"")) | O66: =IF(H66="No","n/a",IF(L66="","Unverified Data",IF(M66>N66,"Stale report",K66))) -> Verified student report | P66: =IF(AND(H66="Yes",OR(I66="Available",I66="Low stock")),IF(O66="Stale report","Verify first","Yes"),"No") -> Yes | Q66: =IF(H66="Yes","proposed_pending_approval","n/a") -> proposed_pending_approval | R66: =IF(H66="Yes","Retail swipe (proposed) / RU Express / Cash or card","n/a") -> Retail swipe (proposed) / RU Express / Cash or card | S66: =INDEX(Products!$I$2:$I$29,MATCH($E66,Products!$A$2:$A$29,0)) -> 1 bottle | T66: =IF(H66="Yes",Config!$B$5,"") -> 75 | U66: =INDEX(Products!$J$2:$J$29,MATCH($E66,Products!$A$2:$A$29,0)) -> No | V66: SIMULATED - proposed campus health-supply program
A67: INV-066 | B67: L03 | C67: =INDEX(Locations!$B$2:$B$9,MATCH($B67,Locations!$A$2:$A$9,0)) -> Kilmer's Market | D67: =INDEX(Locations!$C$2:$C$9,MATCH($B67,Locations!$A$2:$A$9,0)) -> Livingston | E67: P10 | F67: =INDEX(Products!$B$2:$B$29,MATCH($E67,Products!$A$2:$A$29,0)) -> Simply Saline Nasal Mist | G67: =INDEX(Products!$C$2:$C$29,MATCH($E67,Products!$A$2:$A$29,0)) -> Cold & cough | H67: Yes | I67: Available | J67: =IF(H67="No","-",IF(I67="Available","Good supply",IF(I67="Low stock","Few left",IF(I67="Out of stock","None",IF(I67="Temporarily unavailable","Unavailable","Unknown"))))) -> Good supply | K67: Staff verified | L67: 46308.603 | M67: =IF(L67="","",ROUND((Config!$B$2-L67)*1440,0)) -> 31 | N67: =IF(K67="Staff verified",Config!$B$4,IF(OR(K67="Authorized student verified",K67="Multiple student reports",K67="Single student report"),Config!$B$3,"")) -> 240 | O67: =IF(H67="No","n/a",IF(L67="","Unverified Data",IF(M67>N67,"Stale report",K67))) -> Staff verified | P67: =IF(AND(H67="Yes",OR(I67="Available",I67="Low stock")),IF(O67="Stale report","Verify first","Yes"),"No") -> Yes | Q67: =IF(H67="Yes","proposed_pending_approval","n/a") -> proposed_pending_approval | R67: =IF(H67="Yes","Retail swipe (proposed) / RU Express / Cash or card","n/a") -> Retail swipe (proposed) / RU Express / Cash or card | S67: =INDEX(Products!$I$2:$I$29,MATCH($E67,Products!$A$2:$A$29,0)) -> 1 bottle | T67: =IF(H67="Yes",Config!$B$5,"") -> 75 | U67: =INDEX(Products!$J$2:$J$29,MATCH($E67,Products!$A$2:$A$29,0)) -> No | V67: SIMULATED - proposed campus health-supply program
A68: INV-067 | B68: L03 | C68: =INDEX(Locations!$B$2:$B$9,MATCH($B68,Locations!$A$2:$A$9,0)) -> Kilmer's Market | D68: =INDEX(Locations!$C$2:$C$9,MATCH($B68,Locations!$A$2:$A$9,0)) -> Livingston | E68: P11 | F68: =INDEX(Products!$B$2:$B$29,MATCH($E68,Products!$A$2:$A$29,0)) -> Claritin | G68: =INDEX(Products!$C$2:$C$29,MATCH($E68,Products!$A$2:$A$29,0)) -> Allergy | H68: Yes | I68: Temporarily unavailable | J68: =IF(H68="No","-",IF(I68="Available","Good supply",IF(I68="Low stock","Few left",IF(I68="Out of stock","None",IF(I68="Temporarily unavailable","Unavailable","Unknown"))))) -> Unavailable | K68: Verified student report | L68: 46308.61 | M68: =IF(L68="","",ROUND((Config!$B$2-L68)*1440,0)) -> 22 | N68: =IF(K68="Staff verified",Config!$B$4,IF(OR(K68="Authorized student verified",K68="Multiple student reports",K68="Single student report"),Config!$B$3,"")) | O68: =IF(H68="No","n/a",IF(L68="","Unverified Data",IF(M68>N68,"Stale report",K68))) -> Verified student report | P68: =IF(AND(H68="Yes",OR(I68="Available",I68="Low stock")),IF(O68="Stale report","Verify first","Yes"),"No") -> No | Q68: =IF(H68="Yes","proposed_pending_approval","n/a") -> proposed_pending_approval | R68: =IF(H68="Yes","Retail swipe (proposed) / RU Express / Cash or card","n/a") -> Retail swipe (proposed) / RU Express / Cash or card | S68: =INDEX(Products!$I$2:$I$29,MATCH($E68,Products!$A$2:$A$29,0)) -> 1 package | T68: =IF(H68="Yes",Config!$B$5,"") -> 75 | U68: =INDEX(Products!$J$2:$J$29,MATCH($E68,Products!$A$2:$A$29,0)) -> No | V68: SIMULATED - proposed campus health-supply program
A69: INV-068 | B69: L03 | C69: =INDEX(Locations!$B$2:$B$9,MATCH($B69,Locations!$A$2:$A$9,0)) -> Kilmer's Market | D69: =INDEX(Locations!$C$2:$C$9,MATCH($B69,Locations!$A$2:$A$9,0)) -> Livingston | E69: P12 | F69: =INDEX(Products!$B$2:$B$29,MATCH($E69,Products!$A$2:$A$29,0)) -> Zyrtec | G69: =INDEX(Products!$C$2:$C$29,MATCH($E69,Products!$A$2:$A$29,0)) -> Allergy | H69: Yes | I69: Available | J69: =IF(H69="No","-",IF(I69="Available","Good supply",IF(I69="Low stock","Few left",IF(I69="Out of stock","None",IF(I69="Temporarily unavailable","Unavailable","Unknown"))))) -> Good supply | K69: Staff verified | L69: 46308.517 | M69: =IF(L69="","",ROUND((Config!$B$2-L69)*1440,0)) -> 156 | N69: =IF(K69="Staff verified",Config!$B$4,IF(OR(K69="Authorized student verified",K69="Multiple student reports",K69="Single student report"),Config!$B$3,"")) -> 240 | O69: =IF(H69="No","n/a",IF(L69="","Unverified Data",IF(M69>N69,"Stale report",K69))) -> Staff verified | P69: =IF(AND(H69="Yes",OR(I69="Available",I69="Low stock")),IF(O69="Stale report","Verify first","Yes"),"No") -> Yes | Q69: =IF(H69="Yes","proposed_pending_approval","n/a") -> proposed_pending_approval | R69: =IF(H69="Yes","Retail swipe (proposed) / RU Express / Cash or card","n/a") -> Retail swipe (proposed) / RU Express / Cash or card | S69: =INDEX(Products!$I$2:$I$29,MATCH($E69,Products!$A$2:$A$29,0)) -> 1 package | T69: =IF(H69="Yes",Config!$B$5,"") -> 75 | U69: =INDEX(Products!$J$2:$J$29,MATCH($E69,Products!$A$2:$A$29,0)) -> No | V69: SIMULATED - proposed campus health-supply program
A70: INV-069 | B70: L03 | C70: =INDEX(Locations!$B$2:$B$9,MATCH($B70,Locations!$A$2:$A$9,0)) -> Kilmer's Market | D70: =INDEX(Locations!$C$2:$C$9,MATCH($B70,Locations!$A$2:$A$9,0)) -> Livingston | E70: P13 | F70: =INDEX(Products!$B$2:$B$29,MATCH($E70,Products!$A$2:$A$29,0)) -> Benadryl | G70: =INDEX(Products!$C$2:$C$29,MATCH($E70,Products!$A$2:$A$29,0)) -> Allergy | H70: Yes | I70: Available | J70: =IF(H70="No","-",IF(I70="Available","Good supply",IF(I70="Low stock","Few left",IF(I70="Out of stock","None",IF(I70="Temporarily unavailable","Unavailable","Unknown"))))) -> Good supply | K70: Verified student report | L70: 46308.593 | M70: =IF(L70="","",ROUND((Config!$B$2-L70)*1440,0)) -> 46 | N70: =IF(K70="Staff verified",Config!$B$4,IF(OR(K70="Authorized student verified",K70="Multiple student reports",K70="Single student report"),Config!$B$3,"")) | O70: =IF(H70="No","n/a",IF(L70="","Unverified Data",IF(M70>N70,"Stale report",K70))) -> Verified student report | P70: =IF(AND(H70="Yes",OR(I70="Available",I70="Low stock")),IF(O70="Stale report","Verify first","Yes"),"No") -> Yes | Q70: =IF(H70="Yes","proposed_pending_approval","n/a") -> proposed_pending_approval | R70: =IF(H70="Yes","Retail swipe (proposed) / RU Express / Cash or card","n/a") -> Retail swipe (proposed) / RU Express / Cash or card | S70: =INDEX(Products!$I$2:$I$29,MATCH($E70,Products!$A$2:$A$29,0)) -> 1 package | T70: =IF(H70="Yes",Config!$B$5,"") -> 75 | U70: =INDEX(Products!$J$2:$J$29,MATCH($E70,Products!$A$2:$A$29,0)) -> No | V70: SIMULATED - proposed campus health-supply program
A71: INV-070 | B71: L03 | C71: =INDEX(Locations!$B$2:$B$9,MATCH($B71,Locations!$A$2:$A$9,0)) -> Kilmer's Market | D71: =INDEX(Locations!$C$2:$C$9,MATCH($B71,Locations!$A$2:$A$9,0)) -> Livingston | E71: P14 | F71: =INDEX(Products!$B$2:$B$29,MATCH($E71,Products!$A$2:$A$29,0)) -> Tums | G71: =INDEX(Products!$C$2:$C$29,MATCH($E71,Products!$A$2:$A$29,0)) -> Digestive | H71: Yes | I71: Available | J71: =IF(H71="No","-",IF(I71="Available","Good supply",IF(I71="Low stock","Few left",IF(I71="Out of stock","None",IF(I71="Temporarily unavailable","Unavailable","Unknown"))))) -> Good supply | K71: Staff verified | L71: 46308.542 | M71: =IF(L71="","",ROUND((Config!$B$2-L71)*1440,0)) -> 120 | N71: =IF(K71="Staff verified",Config!$B$4,IF(OR(K71="Authorized student verified",K71="Multiple student reports",K71="Single student report"),Config!$B$3,"")) -> 240 | O71: =IF(H71="No","n/a",IF(L71="","Unverified Data",IF(M71>N71,"Stale report",K71))) -> Staff verified | P71: =IF(AND(H71="Yes",OR(I71="Available",I71="Low stock")),IF(O71="Stale report","Verify first","Yes"),"No") -> Yes | Q71: =IF(H71="Yes","proposed_pending_approval","n/a") -> proposed_pending_approval | R71: =IF(H71="Yes","Retail swipe (proposed) / RU Express / Cash or card","n/a") -> Retail swipe (proposed) / RU Express / Cash or card | S71: =INDEX(Products!$I$2:$I$29,MATCH($E71,Products!$A$2:$A$29,0)) -> 1 package | T71: =IF(H71="Yes",Config!$B$5,"") -> 75 | U71: =INDEX(Products!$J$2:$J$29,MATCH($E71,Products!$A$2:$A$29,0)) -> No | V71: SIMULATED - proposed campus health-supply program
A72: INV-071 | B72: L03 | C72: =INDEX(Locations!$B$2:$B$9,MATCH($B72,Locations!$A$2:$A$9,0)) -> Kilmer's Market | D72: =INDEX(Locations!$C$2:$C$9,MATCH($B72,Locations!$A$2:$A$9,0)) -> Livingston | E72: P15 | F72: =INDEX(Products!$B$2:$B$29,MATCH($E72,Products!$A$2:$A$29,0)) -> Pepto-Bismol | G72: =INDEX(Products!$C$2:$C$29,MATCH($E72,Products!$A$2:$A$29,0)) -> Digestive | H72: Yes | I72: Available | J72: =IF(H72="No","-",IF(I72="Available","Good supply",IF(I72="Low stock","Few left",IF(I72="Out of stock","None",IF(I72="Temporarily unavailable","Unavailable","Unknown"))))) -> Good supply | K72: Unverified Data | M72: =IF(L72="","",ROUND((Config!$B$2-L72)*1440,0)) | N72: =IF(K72="Staff verified",Config!$B$4,IF(OR(K72="Authorized student verified",K72="Multiple student reports",K72="Single student report"),Config!$B$3,"")) | O72: =IF(H72="No","n/a",IF(L72="","Unverified Data",IF(M72>N72,"Stale report",K72))) -> Unverified Data | P72: =IF(AND(H72="Yes",OR(I72="Available",I72="Low stock")),IF(O72="Stale report","Verify first","Yes"),"No") -> Yes | Q72: =IF(H72="Yes","proposed_pending_approval","n/a") -> proposed_pending_approval | R72: =IF(H72="Yes","Retail swipe (proposed) / RU Express / Cash or card","n/a") -> Retail swipe (proposed) / RU Express / Cash or card | S72: =INDEX(Products!$I$2:$I$29,MATCH($E72,Products!$A$2:$A$29,0)) -> 1 package | T72: =IF(H72="Yes",Config!$B$5,"") -> 75 | U72: =INDEX(Products!$J$2:$J$29,MATCH($E72,Products!$A$2:$A$29,0)) -> No | V72: SIMULATED - proposed campus health-supply program
A73: INV-072 | B73: L03 | C73: =INDEX(Locations!$B$2:$B$9,MATCH($B73,Locations!$A$2:$A$9,0)) -> Kilmer's Market | D73: =INDEX(Locations!$C$2:$C$9,MATCH($B73,Locations!$A$2:$A$9,0)) -> Livingston | E73: P16 | F73: =INDEX(Products!$B$2:$B$29,MATCH($E73,Products!$A$2:$A$29,0)) -> Imodium A-D | G73: =INDEX(Products!$C$2:$C$29,MATCH($E73,Products!$A$2:$A$29,0)) -> Digestive | H73: Yes | I73: Low stock | J73: =IF(H73="No","-",IF(I73="Available","Good supply",IF(I73="Low stock","Few left",IF(I73="Out of stock","None",IF(I73="Temporarily unavailable","Unavailable","Unknown"))))) -> Few left | K73: Verified student report | L73: 46308.59 | M73: =IF(L73="","",ROUND((Config!$B$2-L73)*1440,0)) -> 51 | N73: =IF(K73="Staff verified",Config!$B$4,IF(OR(K73="Authorized student verified",K73="Multiple student reports",K73="Single student report"),Config!$B$3,"")) | O73: =IF(H73="No","n/a",IF(L73="","Unverified Data",IF(M73>N73,"Stale report",K73))) -> Verified student report | P73: =IF(AND(H73="Yes",OR(I73="Available",I73="Low stock")),IF(O73="Stale report","Verify first","Yes"),"No") -> Yes | Q73: =IF(H73="Yes","proposed_pending_approval","n/a") -> proposed_pending_approval | R73: =IF(H73="Yes","Retail swipe (proposed) / RU Express / Cash or card","n/a") -> Retail swipe (proposed) / RU Express / Cash or card | S73: =INDEX(Products!$I$2:$I$29,MATCH($E73,Products!$A$2:$A$29,0)) -> 1 package | T73: =IF(H73="Yes",Config!$B$5,"") -> 75 | U73: =INDEX(Products!$J$2:$J$29,MATCH($E73,Products!$A$2:$A$29,0)) -> No | V73: SIMULATED - proposed campus health-supply program
A74: INV-073 | B74: L03 | C74: =INDEX(Locations!$B$2:$B$9,MATCH($B74,Locations!$A$2:$A$9,0)) -> Kilmer's Market | D74: =INDEX(Locations!$C$2:$C$9,MATCH($B74,Locations!$A$2:$A$9,0)) -> Livingston | E74: P17 | F74: =INDEX(Products!$B$2:$B$29,MATCH($E74,Products!$A$2:$A$29,0)) -> Pedialyte | G74: =INDEX(Products!$C$2:$C$29,MATCH($E74,Products!$A$2:$A$29,0)) -> Hydration | H74: Yes | I74: Available | J74: =IF(H74="No","-",IF(I74="Available","Good supply",IF(I74="Low stock","Few left",IF(I74="Out of stock","None",IF(I74="Temporarily unavailable","Unavailable","Unknown"))))) -> Good supply | K74: Staff verified | L74: 46308.601 | M74: =IF(L74="","",ROUND((Config!$B$2-L74)*1440,0)) -> 35 | N74: =IF(K74="Staff verified",Config!$B$4,IF(OR(K74="Authorized student verified",K74="Multiple student reports",K74="Single student report"),Config!$B$3,"")) -> 240 | O74: =IF(H74="No","n/a",IF(L74="","Unverified Data",IF(M74>N74,"Stale report",K74))) -> Staff verified | P74: =IF(AND(H74="Yes",OR(I74="Available",I74="Low stock")),IF(O74="Stale report","Verify first","Yes"),"No") -> Yes | Q74: =IF(H74="Yes","proposed_pending_approval","n/a") -> proposed_pending_approval | R74: =IF(H74="Yes","Retail swipe (proposed) / RU Express / Cash or card","n/a") -> Retail swipe (proposed) / RU Express / Cash or card | S74: =INDEX(Products!$I$2:$I$29,MATCH($E74,Products!$A$2:$A$29,0)) -> 2 bottles | T74: =IF(H74="Yes",Config!$B$5,"") -> 75 | U74: =INDEX(Products!$J$2:$J$29,MATCH($E74,Products!$A$2:$A$29,0)) -> No | V74: SIMULATED - proposed campus health-supply program
A75: INV-074 | B75: L03 | C75: =INDEX(Locations!$B$2:$B$9,MATCH($B75,Locations!$A$2:$A$9,0)) -> Kilmer's Market | D75: =INDEX(Locations!$C$2:$C$9,MATCH($B75,Locations!$A$2:$A$9,0)) -> Livingston | E75: P18 | F75: =INDEX(Products!$B$2:$B$29,MATCH($E75,Products!$A$2:$A$29,0)) -> Digital thermometer (brand varies) | G75: =INDEX(Products!$C$2:$C$29,MATCH($E75,Products!$A$2:$A$29,0)) -> Diagnostics | H75: Yes | I75: Available | J75: =IF(H75="No","-",IF(I75="Available","Good supply",IF(I75="Low stock","Few left",IF(I75="Out of stock","None",IF(I75="Temporarily unavailable","Unavailable","Unknown"))))) -> Good supply | K75: Unverified Data | M75: =IF(L75="","",ROUND((Config!$B$2-L75)*1440,0)) | N75: =IF(K75="Staff verified",Config!$B$4,IF(OR(K75="Authorized student verified",K75="Multiple student reports",K75="Single student report"),Config!$B$3,"")) | O75: =IF(H75="No","n/a",IF(L75="","Unverified Data",IF(M75>N75,"Stale report",K75))) -> Unverified Data | P75: =IF(AND(H75="Yes",OR(I75="Available",I75="Low stock")),IF(O75="Stale report","Verify first","Yes"),"No") -> Yes | Q75: =IF(H75="Yes","proposed_pending_approval","n/a") -> proposed_pending_approval | R75: =IF(H75="Yes","Retail swipe (proposed) / RU Express / Cash or card","n/a") -> Retail swipe (proposed) / RU Express / Cash or card | S75: =INDEX(Products!$I$2:$I$29,MATCH($E75,Products!$A$2:$A$29,0)) -> 1 unit | T75: =IF(H75="Yes",Config!$B$5,"") -> 75 | U75: =INDEX(Products!$J$2:$J$29,MATCH($E75,Products!$A$2:$A$29,0)) -> No | V75: SIMULATED - proposed campus health-supply program
A76: INV-075 | B76: L03 | C76: =INDEX(Locations!$B$2:$B$9,MATCH($B76,Locations!$A$2:$A$9,0)) -> Kilmer's Market | D76: =INDEX(Locations!$C$2:$C$9,MATCH($B76,Locations!$A$2:$A$9,0)) -> Livingston | E76: P19 | F76: =INDEX(Products!$B$2:$B$29,MATCH($E76,Products!$A$2:$A$29,0)) -> iHealth COVID-19 Antigen Rapid Test | G76: =INDEX(Products!$C$2:$C$29,MATCH($E76,Products!$A$2:$A$29,0)) -> Diagnostics | H76: Yes | I76: Available | J76: =IF(H76="No","-",IF(I76="Available","Good supply",IF(I76="Low stock","Few left",IF(I76="Out of stock","None",IF(I76="Temporarily unavailable","Unavailable","Unknown"))))) -> Good supply | K76: Unverified Data | M76: =IF(L76="","",ROUND((Config!$B$2-L76)*1440,0)) | N76: =IF(K76="Staff verified",Config!$B$4,IF(OR(K76="Authorized student verified",K76="Multiple student reports",K76="Single student report"),Config!$B$3,"")) | O76: =IF(H76="No","n/a",IF(L76="","Unverified Data",IF(M76>N76,"Stale report",K76))) -> Unverified Data | P76: =IF(AND(H76="Yes",OR(I76="Available",I76="Low stock")),IF(O76="Stale report","Verify first","Yes"),"No") -> Yes | Q76: =IF(H76="Yes","proposed_pending_approval","n/a") -> proposed_pending_approval | R76: =IF(H76="Yes","Retail swipe (proposed) / RU Express / Cash or card","n/a") -> Retail swipe (proposed) / RU Express / Cash or card | S76: =INDEX(Products!$I$2:$I$29,MATCH($E76,Products!$A$2:$A$29,0)) -> 1 kit | T76: =IF(H76="Yes",Config!$B$5,"") -> 75 | U76: =INDEX(Products!$J$2:$J$29,MATCH($E76,Products!$A$2:$A$29,0)) -> No | V76: SIMULATED - proposed campus health-supply program
A77: INV-076 | B77: L03 | C77: =INDEX(Locations!$B$2:$B$9,MATCH($B77,Locations!$A$2:$A$9,0)) -> Kilmer's Market | D77: =INDEX(Locations!$C$2:$C$9,MATCH($B77,Locations!$A$2:$A$9,0)) -> Livingston | E77: P20 | F77: =INDEX(Products!$B$2:$B$29,MATCH($E77,Products!$A$2:$A$29,0)) -> Band-Aid Brand Adhesive Bandages | G77: =INDEX(Products!$C$2:$C$29,MATCH($E77,Products!$A$2:$A$29,0)) -> First aid & comfort | H77: Yes | I77: Low stock | J77: =IF(H77="No","-",IF(I77="Available","Good supply",IF(I77="Low stock","Few left",IF(I77="Out of stock","None",IF(I77="Temporarily unavailable","Unavailable","Unknown"))))) -> Few left | K77: Verified student report | L77: 46308.594 | M77: =IF(L77="","",ROUND((Config!$B$2-L77)*1440,0)) -> 45 | N77: =IF(K77="Staff verified",Config!$B$4,IF(OR(K77="Authorized student verified",K77="Multiple student reports",K77="Single student report"),Config!$B$3,"")) | O77: =IF(H77="No","n/a",IF(L77="","Unverified Data",IF(M77>N77,"Stale report",K77))) -> Verified student report | P77: =IF(AND(H77="Yes",OR(I77="Available",I77="Low stock")),IF(O77="Stale report","Verify first","Yes"),"No") -> Yes | Q77: =IF(H77="Yes","proposed_pending_approval","n/a") -> proposed_pending_approval | R77: =IF(H77="Yes","Retail swipe (proposed) / RU Express / Cash or card","n/a") -> Retail swipe (proposed) / RU Express / Cash or card | S77: =INDEX(Products!$I$2:$I$29,MATCH($E77,Products!$A$2:$A$29,0)) -> 1 box | T77: =IF(H77="Yes",Config!$B$5,"") -> 75 | U77: =INDEX(Products!$J$2:$J$29,MATCH($E77,Products!$A$2:$A$29,0)) -> No | V77: SIMULATED - proposed campus health-supply program
A78: INV-077 | B78: L03 | C78: =INDEX(Locations!$B$2:$B$9,MATCH($B78,Locations!$A$2:$A$9,0)) -> Kilmer's Market | D78: =INDEX(Locations!$C$2:$C$9,MATCH($B78,Locations!$A$2:$A$9,0)) -> Livingston | E78: P21 | F78: =INDEX(Products!$B$2:$B$29,MATCH($E78,Products!$A$2:$A$29,0)) -> Johnson & Johnson First Aid To Go Kit | G78: =INDEX(Products!$C$2:$C$29,MATCH($E78,Products!$A$2:$A$29,0)) -> First aid & comfort | H78: Yes | I78: Available | J78: =IF(H78="No","-",IF(I78="Available","Good supply",IF(I78="Low stock","Few left",IF(I78="Out of stock","None",IF(I78="Temporarily unavailable","Unavailable","Unknown"))))) -> Good supply | K78: Unverified Data | M78: =IF(L78="","",ROUND((Config!$B$2-L78)*1440,0)) | N78: =IF(K78="Staff verified",Config!$B$4,IF(OR(K78="Authorized student verified",K78="Multiple student reports",K78="Single student report"),Config!$B$3,"")) | O78: =IF(H78="No","n/a",IF(L78="","Unverified Data",IF(M78>N78,"Stale report",K78))) -> Unverified Data | P78: =IF(AND(H78="Yes",OR(I78="Available",I78="Low stock")),IF(O78="Stale report","Verify first","Yes"),"No") -> Yes | Q78: =IF(H78="Yes","proposed_pending_approval","n/a") -> proposed_pending_approval | R78: =IF(H78="Yes","Retail swipe (proposed) / RU Express / Cash or card","n/a") -> Retail swipe (proposed) / RU Express / Cash or card | S78: =INDEX(Products!$I$2:$I$29,MATCH($E78,Products!$A$2:$A$29,0)) -> 1 kit | T78: =IF(H78="Yes",Config!$B$5,"") -> 75 | U78: =INDEX(Products!$J$2:$J$29,MATCH($E78,Products!$A$2:$A$29,0)) -> No | V78: SIMULATED - proposed campus health-supply program
A79: INV-078 | B79: L03 | C79: =INDEX(Locations!$B$2:$B$9,MATCH($B79,Locations!$A$2:$A$9,0)) -> Kilmer's Market | D79: =INDEX(Locations!$C$2:$C$9,MATCH($B79,Locations!$A$2:$A$9,0)) -> Livingston | E79: P22 | F79: =INDEX(Products!$B$2:$B$29,MATCH($E79,Products!$A$2:$A$29,0)) -> Neosporin Original Ointment | G79: =INDEX(Products!$C$2:$C$29,MATCH($E79,Products!$A$2:$A$29,0)) -> First aid & comfort | H79: Yes | I79: Available | J79: =IF(H79="No","-",IF(I79="Available","Good supply",IF(I79="Low stock","Few left",IF(I79="Out of stock","None",IF(I79="Temporarily unavailable","Unavailable","Unknown"))))) -> Good supply | K79: Staff verified | L79: 46308.576 | M79: =IF(L79="","",ROUND((Config!$B$2-L79)*1440,0)) -> 70 | N79: =IF(K79="Staff verified",Config!$B$4,IF(OR(K79="Authorized student verified",K79="Multiple student reports",K79="Single student report"),Config!$B$3,"")) -> 240 | O79: =IF(H79="No","n/a",IF(L79="","Unverified Data",IF(M79>N79,"Stale report",K79))) -> Staff verified | P79: =IF(AND(H79="Yes",OR(I79="Available",I79="Low stock")),IF(O79="Stale report","Verify first","Yes"),"No") -> Yes | Q79: =IF(H79="Yes","proposed_pending_approval","n/a") -> proposed_pending_approval | R79: =IF(H79="Yes","Retail swipe (proposed) / RU Express / Cash or card","n/a") -> Retail swipe (proposed) / RU Express / Cash or card | S79: =INDEX(Products!$I$2:$I$29,MATCH($E79,Products!$A$2:$A$29,0)) -> 1 tube | T79: =IF(H79="Yes",Config!$B$5,"") -> 75 | U79: =INDEX(Products!$J$2:$J$29,MATCH($E79,Products!$A$2:$A$29,0)) -> No | V79: SIMULATED - proposed campus health-supply program
A80: INV-079 | B80: L03 | C80: =INDEX(Locations!$B$2:$B$9,MATCH($B80,Locations!$A$2:$A$9,0)) -> Kilmer's Market | D80: =INDEX(Locations!$C$2:$C$9,MATCH($B80,Locations!$A$2:$A$9,0)) -> Livingston | E80: P23 | F80: =INDEX(Products!$B$2:$B$29,MATCH($E80,Products!$A$2:$A$29,0)) -> Instant cold pack (brand varies) | G80: =INDEX(Products!$C$2:$C$29,MATCH($E80,Products!$A$2:$A$29,0)) -> First aid & comfort | H80: Yes | I80: Out of stock | J80: =IF(H80="No","-",IF(I80="Available","Good supply",IF(I80="Low stock","Few left",IF(I80="Out of stock","None",IF(I80="Temporarily unavailable","Unavailable","Unknown"))))) -> None | K80: Verified student report | L80: 46308.577 | M80: =IF(L80="","",ROUND((Config!$B$2-L80)*1440,0)) -> 69 | N80: =IF(K80="Staff verified",Config!$B$4,IF(OR(K80="Authorized student verified",K80="Multiple student reports",K80="Single student report"),Config!$B$3,"")) | O80: =IF(H80="No","n/a",IF(L80="","Unverified Data",IF(M80>N80,"Stale report",K80))) -> Verified student report | P80: =IF(AND(H80="Yes",OR(I80="Available",I80="Low stock")),IF(O80="Stale report","Verify first","Yes"),"No") -> No | Q80: =IF(H80="Yes","proposed_pending_approval","n/a") -> proposed_pending_approval | R80: =IF(H80="Yes","Retail swipe (proposed) / RU Express / Cash or card","n/a") -> Retail swipe (proposed) / RU Express / Cash or card | S80: =INDEX(Products!$I$2:$I$29,MATCH($E80,Products!$A$2:$A$29,0)) -> 1 pack | T80: =IF(H80="Yes",Config!$B$5,"") -> 75 | U80: =INDEX(Products!$J$2:$J$29,MATCH($E80,Products!$A$2:$A$29,0)) -> No | V80: SIMULATED - proposed campus health-supply program
A81: INV-080 | B81: L03 | C81: =INDEX(Locations!$B$2:$B$9,MATCH($B81,Locations!$A$2:$A$9,0)) -> Kilmer's Market | D81: =INDEX(Locations!$C$2:$C$9,MATCH($B81,Locations!$A$2:$A$9,0)) -> Livingston | E81: P24 | F81: =INDEX(Products!$B$2:$B$29,MATCH($E81,Products!$A$2:$A$29,0)) -> ThermaCare Heat Wrap | G81: =INDEX(Products!$C$2:$C$29,MATCH($E81,Products!$A$2:$A$29,0)) -> First aid & comfort | H81: Yes | I81: Available | J81: =IF(H81="No","-",IF(I81="Available","Good supply",IF(I81="Low stock","Few left",IF(I81="Out of stock","None",IF(I81="Temporarily unavailable","Unavailable","Unknown"))))) -> Good supply | K81: Staff verified | L81: 46308.515 | M81: =IF(L81="","",ROUND((Config!$B$2-L81)*1440,0)) -> 158 | N81: =IF(K81="Staff verified",Config!$B$4,IF(OR(K81="Authorized student verified",K81="Multiple student reports",K81="Single student report"),Config!$B$3,"")) -> 240 | O81: =IF(H81="No","n/a",IF(L81="","Unverified Data",IF(M81>N81,"Stale report",K81))) -> Staff verified | P81: =IF(AND(H81="Yes",OR(I81="Available",I81="Low stock")),IF(O81="Stale report","Verify first","Yes"),"No") -> Yes | Q81: =IF(H81="Yes","proposed_pending_approval","n/a") -> proposed_pending_approval | R81: =IF(H81="Yes","Retail swipe (proposed) / RU Express / Cash or card","n/a") -> Retail swipe (proposed) / RU Express / Cash or card | S81: =INDEX(Products!$I$2:$I$29,MATCH($E81,Products!$A$2:$A$29,0)) -> 1 package | T81: =IF(H81="Yes",Config!$B$5,"") -> 75 | U81: =INDEX(Products!$J$2:$J$29,MATCH($E81,Products!$A$2:$A$29,0)) -> No | V81: SIMULATED - proposed campus health-supply program
A82: INV-081 | B82: L03 | C82: =INDEX(Locations!$B$2:$B$9,MATCH($B82,Locations!$A$2:$A$9,0)) -> Kilmer's Market | D82: =INDEX(Locations!$C$2:$C$9,MATCH($B82,Locations!$A$2:$A$9,0)) -> Livingston | E82: P25 | F82: =INDEX(Products!$B$2:$B$29,MATCH($E82,Products!$A$2:$A$29,0)) -> Always Ultra Thin Pads | G82: =INDEX(Products!$C$2:$C$29,MATCH($E82,Products!$A$2:$A$29,0)) -> Menstrual & hygiene | H82: Yes | I82: Low stock | J82: =IF(H82="No","-",IF(I82="Available","Good supply",IF(I82="Low stock","Few left",IF(I82="Out of stock","None",IF(I82="Temporarily unavailable","Unavailable","Unknown"))))) -> Few left | K82: Staff verified | L82: 46308.583 | M82: =IF(L82="","",ROUND((Config!$B$2-L82)*1440,0)) -> 60 | N82: =IF(K82="Staff verified",Config!$B$4,IF(OR(K82="Authorized student verified",K82="Multiple student reports",K82="Single student report"),Config!$B$3,"")) -> 240 | O82: =IF(H82="No","n/a",IF(L82="","Unverified Data",IF(M82>N82,"Stale report",K82))) -> Staff verified | P82: =IF(AND(H82="Yes",OR(I82="Available",I82="Low stock")),IF(O82="Stale report","Verify first","Yes"),"No") -> Yes | Q82: =IF(H82="Yes","proposed_pending_approval","n/a") -> proposed_pending_approval | R82: =IF(H82="Yes","Retail swipe (proposed) / RU Express / Cash or card","n/a") -> Retail swipe (proposed) / RU Express / Cash or card | S82: =INDEX(Products!$I$2:$I$29,MATCH($E82,Products!$A$2:$A$29,0)) -> 1 package | T82: =IF(H82="Yes",Config!$B$5,"") -> 75 | U82: =INDEX(Products!$J$2:$J$29,MATCH($E82,Products!$A$2:$A$29,0)) -> No | V82: SIMULATED - proposed campus health-supply program
A83: INV-082 | B83: L03 | C83: =INDEX(Locations!$B$2:$B$9,MATCH($B83,Locations!$A$2:$A$9,0)) -> Kilmer's Market | D83: =INDEX(Locations!$C$2:$C$9,MATCH($B83,Locations!$A$2:$A$9,0)) -> Livingston | E83: P26 | F83: =INDEX(Products!$B$2:$B$29,MATCH($E83,Products!$A$2:$A$29,0)) -> Tampax Pearl Tampons | G83: =INDEX(Products!$C$2:$C$29,MATCH($E83,Products!$A$2:$A$29,0)) -> Menstrual & hygiene | H83: Yes | I83: Unknown | J83: =IF(H83="No","-",IF(I83="Available","Good supply",IF(I83="Low stock","Few left",IF(I83="Out of stock","None",IF(I83="Temporarily unavailable","Unavailable","Unknown"))))) -> Unknown | K83: Unverified Data | M83: =IF(L83="","",ROUND((Config!$B$2-L83)*1440,0)) | N83: =IF(K83="Staff verified",Config!$B$4,IF(OR(K83="Authorized student verified",K83="Multiple student reports",K83="Single student report"),Config!$B$3,"")) | O83: =IF(H83="No","n/a",IF(L83="","Unverified Data",IF(M83>N83,"Stale report",K83))) -> Unverified Data | P83: =IF(AND(H83="Yes",OR(I83="Available",I83="Low stock")),IF(O83="Stale report","Verify first","Yes"),"No") -> No | Q83: =IF(H83="Yes","proposed_pending_approval","n/a") -> proposed_pending_approval | R83: =IF(H83="Yes","Retail swipe (proposed) / RU Express / Cash or card","n/a") -> Retail swipe (proposed) / RU Express / Cash or card | S83: =INDEX(Products!$I$2:$I$29,MATCH($E83,Products!$A$2:$A$29,0)) -> 1 package | T83: =IF(H83="Yes",Config!$B$5,"") -> 75 | U83: =INDEX(Products!$J$2:$J$29,MATCH($E83,Products!$A$2:$A$29,0)) -> No | V83: SIMULATED - proposed campus health-supply program
A84: INV-083 | B84: L03 | C84: =INDEX(Locations!$B$2:$B$9,MATCH($B84,Locations!$A$2:$A$9,0)) -> Kilmer's Market | D84: =INDEX(Locations!$C$2:$C$9,MATCH($B84,Locations!$A$2:$A$9,0)) -> Livingston | E84: P27 | F84: =INDEX(Products!$B$2:$B$29,MATCH($E84,Products!$A$2:$A$29,0)) -> Purell Advanced Hand Sanitizer | G84: =INDEX(Products!$C$2:$C$29,MATCH($E84,Products!$A$2:$A$29,0)) -> Menstrual & hygiene | H84: Yes | I84: Out of stock | J84: =IF(H84="No","-",IF(I84="Available","Good supply",IF(I84="Low stock","Few left",IF(I84="Out of stock","None",IF(I84="Temporarily unavailable","Unavailable","Unknown"))))) -> None | K84: Verified student report | L84: 46308.61 | M84: =IF(L84="","",ROUND((Config!$B$2-L84)*1440,0)) -> 22 | N84: =IF(K84="Staff verified",Config!$B$4,IF(OR(K84="Authorized student verified",K84="Multiple student reports",K84="Single student report"),Config!$B$3,"")) | O84: =IF(H84="No","n/a",IF(L84="","Unverified Data",IF(M84>N84,"Stale report",K84))) -> Verified student report | P84: =IF(AND(H84="Yes",OR(I84="Available",I84="Low stock")),IF(O84="Stale report","Verify first","Yes"),"No") -> No | Q84: =IF(H84="Yes","proposed_pending_approval","n/a") -> proposed_pending_approval | R84: =IF(H84="Yes","Retail swipe (proposed) / RU Express / Cash or card","n/a") -> Retail swipe (proposed) / RU Express / Cash or card | S84: =INDEX(Products!$I$2:$I$29,MATCH($E84,Products!$A$2:$A$29,0)) -> 1 bottle | T84: =IF(H84="Yes",Config!$B$5,"") -> 75 | U84: =INDEX(Products!$J$2:$J$29,MATCH($E84,Products!$A$2:$A$29,0)) -> No | V84: SIMULATED - proposed campus health-supply program
A85: INV-084 | B85: L03 | C85: =INDEX(Locations!$B$2:$B$9,MATCH($B85,Locations!$A$2:$A$9,0)) -> Kilmer's Market | D85: =INDEX(Locations!$C$2:$C$9,MATCH($B85,Locations!$A$2:$A$9,0)) -> Livingston | E85: P28 | F85: =INDEX(Products!$B$2:$B$29,MATCH($E85,Products!$A$2:$A$29,0)) -> Disposable face masks (brand varies) | G85: =INDEX(Products!$C$2:$C$29,MATCH($E85,Products!$A$2:$A$29,0)) -> Menstrual & hygiene | H85: Yes | I85: Available | J85: =IF(H85="No","-",IF(I85="Available","Good supply",IF(I85="Low stock","Few left",IF(I85="Out of stock","None",IF(I85="Temporarily unavailable","Unavailable","Unknown"))))) -> Good supply | K85: Staff verified | L85: 46308.531 | M85: =IF(L85="","",ROUND((Config!$B$2-L85)*1440,0)) -> 135 | N85: =IF(K85="Staff verified",Config!$B$4,IF(OR(K85="Authorized student verified",K85="Multiple student reports",K85="Single student report"),Config!$B$3,"")) -> 240 | O85: =IF(H85="No","n/a",IF(L85="","Unverified Data",IF(M85>N85,"Stale report",K85))) -> Staff verified | P85: =IF(AND(H85="Yes",OR(I85="Available",I85="Low stock")),IF(O85="Stale report","Verify first","Yes"),"No") -> Yes | Q85: =IF(H85="Yes","proposed_pending_approval","n/a") -> proposed_pending_approval | R85: =IF(H85="Yes","Retail swipe (proposed) / RU Express / Cash or card","n/a") -> Retail swipe (proposed) / RU Express / Cash or card | S85: =INDEX(Products!$I$2:$I$29,MATCH($E85,Products!$A$2:$A$29,0)) -> 1 pack | T85: =IF(H85="Yes",Config!$B$5,"") -> 75 | U85: =INDEX(Products!$J$2:$J$29,MATCH($E85,Products!$A$2:$A$29,0)) -> No | V85: SIMULATED - proposed campus health-supply program
A86: INV-085 | B86: L04 | C86: =INDEX(Locations!$B$2:$B$9,MATCH($B86,Locations!$A$2:$A$9,0)) -> Henry's Diner | D86: =INDEX(Locations!$C$2:$C$9,MATCH($B86,Locations!$A$2:$A$9,0)) -> Livingston | E86: P01 | F86: =INDEX(Products!$B$2:$B$29,MATCH($E86,Products!$A$2:$A$29,0)) -> Tylenol Extra Strength | G86: =INDEX(Products!$C$2:$C$29,MATCH($E86,Products!$A$2:$A$29,0)) -> Pain & fever | H86: Yes | I86: Available | J86: =IF(H86="No","-",IF(I86="Available","Good supply",IF(I86="Low stock","Few left",IF(I86="Out of stock","None",IF(I86="Temporarily unavailable","Unavailable","Unknown"))))) -> Good supply | K86: Verified student report | L86: 46308.602 | M86: =IF(L86="","",ROUND((Config!$B$2-L86)*1440,0)) -> 33 | N86: =IF(K86="Staff verified",Config!$B$4,IF(OR(K86="Authorized student verified",K86="Multiple student reports",K86="Single student report"),Config!$B$3,"")) | O86: =IF(H86="No","n/a",IF(L86="","Unverified Data",IF(M86>N86,"Stale report",K86))) -> Verified student report | P86: =IF(AND(H86="Yes",OR(I86="Available",I86="Low stock")),IF(O86="Stale report","Verify first","Yes"),"No") -> Yes | Q86: =IF(H86="Yes","proposed_pending_approval","n/a") -> proposed_pending_approval | R86: =IF(H86="Yes","Retail swipe (proposed) / RU Express / Cash or card","n/a") -> Retail swipe (proposed) / RU Express / Cash or card | S86: =INDEX(Products!$I$2:$I$29,MATCH($E86,Products!$A$2:$A$29,0)) -> 1 package | T86: =IF(H86="Yes",Config!$B$5,"") -> 75 | U86: =INDEX(Products!$J$2:$J$29,MATCH($E86,Products!$A$2:$A$29,0)) -> No | V86: SIMULATED - proposed campus health-supply program
A87: INV-086 | B87: L04 | C87: =INDEX(Locations!$B$2:$B$9,MATCH($B87,Locations!$A$2:$A$9,0)) -> Henry's Diner | D87: =INDEX(Locations!$C$2:$C$9,MATCH($B87,Locations!$A$2:$A$9,0)) -> Livingston | E87: P02 | F87: =INDEX(Products!$B$2:$B$29,MATCH($E87,Products!$A$2:$A$29,0)) -> Advil | G87: =INDEX(Products!$C$2:$C$29,MATCH($E87,Products!$A$2:$A$29,0)) -> Pain & fever | H87: Yes | I87: Low stock | J87: =IF(H87="No","-",IF(I87="Available","Good supply",IF(I87="Low stock","Few left",IF(I87="Out of stock","None",IF(I87="Temporarily unavailable","Unavailable","Unknown"))))) -> Few left | K87: Verified student report | L87: 46308.615 | M87: =IF(L87="","",ROUND((Config!$B$2-L87)*1440,0)) -> 15 | N87: =IF(K87="Staff verified",Config!$B$4,IF(OR(K87="Authorized student verified",K87="Multiple student reports",K87="Single student report"),Config!$B$3,"")) | O87: =IF(H87="No","n/a",IF(L87="","Unverified Data",IF(M87>N87,"Stale report",K87))) -> Verified student report | P87: =IF(AND(H87="Yes",OR(I87="Available",I87="Low stock")),IF(O87="Stale report","Verify first","Yes"),"No") -> Yes | Q87: =IF(H87="Yes","proposed_pending_approval","n/a") -> proposed_pending_approval | R87: =IF(H87="Yes","Retail swipe (proposed) / RU Express / Cash or card","n/a") -> Retail swipe (proposed) / RU Express / Cash or card | S87: =INDEX(Products!$I$2:$I$29,MATCH($E87,Products!$A$2:$A$29,0)) -> 1 package | T87: =IF(H87="Yes",Config!$B$5,"") -> 75 | U87: =INDEX(Products!$J$2:$J$29,MATCH($E87,Products!$A$2:$A$29,0)) -> No | V87: SIMULATED - proposed campus health-supply program
A88: INV-087 | B88: L04 | C88: =INDEX(Locations!$B$2:$B$9,MATCH($B88,Locations!$A$2:$A$9,0)) -> Henry's Diner | D88: =INDEX(Locations!$C$2:$C$9,MATCH($B88,Locations!$A$2:$A$9,0)) -> Livingston | E88: P03 | F88: =INDEX(Products!$B$2:$B$29,MATCH($E88,Products!$A$2:$A$29,0)) -> Aleve | G88: =INDEX(Products!$C$2:$C$29,MATCH($E88,Products!$A$2:$A$29,0)) -> Pain & fever | H88: No | I88: Not stocked in proposal | J88: =IF(H88="No","-",IF(I88="Available","Good supply",IF(I88="Low stock","Few left",IF(I88="Out of stock","None",IF(I88="Temporarily unavailable","Unavailable","Unknown"))))) -> - | M88: =IF(L88="","",ROUND((Config!$B$2-L88)*1440,0)) | N88: =IF(K88="Staff verified",Config!$B$4,IF(OR(K88="Authorized student verified",K88="Multiple student reports",K88="Single student report"),Config!$B$3,"")) | O88: =IF(H88="No","n/a",IF(L88="","Unverified Data",IF(M88>N88,"Stale report",K88))) -> n/a | P88: =IF(AND(H88="Yes",OR(I88="Available",I88="Low stock")),IF(O88="Stale report","Verify first","Yes"),"No") -> No | Q88: =IF(H88="Yes","proposed_pending_approval","n/a") -> n/a | R88: =IF(H88="Yes","Retail swipe (proposed) / RU Express / Cash or card","n/a") -> n/a | S88: =INDEX(Products!$I$2:$I$29,MATCH($E88,Products!$A$2:$A$29,0)) -> 1 package | T88: =IF(H88="Yes",Config!$B$5,"") | U88: =INDEX(Products!$J$2:$J$29,MATCH($E88,Products!$A$2:$A$29,0)) -> No | V88: SIMULATED - proposed campus health-supply program
A89: INV-088 | B89: L04 | C89: =INDEX(Locations!$B$2:$B$9,MATCH($B89,Locations!$A$2:$A$9,0)) -> Henry's Diner | D89: =INDEX(Locations!$C$2:$C$9,MATCH($B89,Locations!$A$2:$A$9,0)) -> Livingston | E89: P04 | F89: =INDEX(Products!$B$2:$B$29,MATCH($E89,Products!$A$2:$A$29,0)) -> Excedrin Migraine | G89: =INDEX(Products!$C$2:$C$29,MATCH($E89,Products!$A$2:$A$29,0)) -> Pain & fever | H89: No | I89: Not stocked in proposal | J89: =IF(H89="No","-",IF(I89="Available","Good supply",IF(I89="Low stock","Few left",IF(I89="Out of stock","None",IF(I89="Temporarily unavailable","Unavailable","Unknown"))))) -> - | M89: =IF(L89="","",ROUND((Config!$B$2-L89)*1440,0)) | N89: =IF(K89="Staff verified",Config!$B$4,IF(OR(K89="Authorized student verified",K89="Multiple student reports",K89="Single student report"),Config!$B$3,"")) | O89: =IF(H89="No","n/a",IF(L89="","Unverified Data",IF(M89>N89,"Stale report",K89))) -> n/a | P89: =IF(AND(H89="Yes",OR(I89="Available",I89="Low stock")),IF(O89="Stale report","Verify first","Yes"),"No") -> No | Q89: =IF(H89="Yes","proposed_pending_approval","n/a") -> n/a | R89: =IF(H89="Yes","Retail swipe (proposed) / RU Express / Cash or card","n/a") -> n/a | S89: =INDEX(Products!$I$2:$I$29,MATCH($E89,Products!$A$2:$A$29,0)) -> 1 package | T89: =IF(H89="Yes",Config!$B$5,"") | U89: =INDEX(Products!$J$2:$J$29,MATCH($E89,Products!$A$2:$A$29,0)) -> No | V89: SIMULATED - proposed campus health-supply program
A90: INV-089 | B90: L04 | C90: =INDEX(Locations!$B$2:$B$9,MATCH($B90,Locations!$A$2:$A$9,0)) -> Henry's Diner | D90: =INDEX(Locations!$C$2:$C$9,MATCH($B90,Locations!$A$2:$A$9,0)) -> Livingston | E90: P05 | F90: =INDEX(Products!$B$2:$B$29,MATCH($E90,Products!$A$2:$A$29,0)) -> Halls Mentho-Lyptus | G90: =INDEX(Products!$C$2:$C$29,MATCH($E90,Products!$A$2:$A$29,0)) -> Cold & cough | H90: Yes | I90: Available | J90: =IF(H90="No","-",IF(I90="Available","Good supply",IF(I90="Low stock","Few left",IF(I90="Out of stock","None",IF(I90="Temporarily unavailable","Unavailable","Unknown"))))) -> Good supply | K90: Verified student report | L90: 46308.51 | M90: =IF(L90="","",ROUND((Config!$B$2-L90)*1440,0)) -> 165 | N90: =IF(K90="Staff verified",Config!$B$4,IF(OR(K90="Authorized student verified",K90="Multiple student reports",K90="Single student report"),Config!$B$3,"")) | O90: =IF(H90="No","n/a",IF(L90="","Unverified Data",IF(M90>N90,"Stale report",K90))) -> Verified student report | P90: =IF(AND(H90="Yes",OR(I90="Available",I90="Low stock")),IF(O90="Stale report","Verify first","Yes"),"No") -> Yes | Q90: =IF(H90="Yes","proposed_pending_approval","n/a") -> proposed_pending_approval | R90: =IF(H90="Yes","Retail swipe (proposed) / RU Express / Cash or card","n/a") -> Retail swipe (proposed) / RU Express / Cash or card | S90: =INDEX(Products!$I$2:$I$29,MATCH($E90,Products!$A$2:$A$29,0)) -> 2 bags | T90: =IF(H90="Yes",Config!$B$5,"") -> 75 | U90: =INDEX(Products!$J$2:$J$29,MATCH($E90,Products!$A$2:$A$29,0)) -> No | V90: SIMULATED - proposed campus health-supply program
A91: INV-090 | B91: L04 | C91: =INDEX(Locations!$B$2:$B$9,MATCH($B91,Locations!$A$2:$A$9,0)) -> Henry's Diner | D91: =INDEX(Locations!$C$2:$C$9,MATCH($B91,Locations!$A$2:$A$9,0)) -> Livingston | E91: P06 | F91: =INDEX(Products!$B$2:$B$29,MATCH($E91,Products!$A$2:$A$29,0)) -> Ricola Original Natural Herb | G91: =INDEX(Products!$C$2:$C$29,MATCH($E91,Products!$A$2:$A$29,0)) -> Cold & cough | H91: No | I91: Not stocked in proposal | J91: =IF(H91="No","-",IF(I91="Available","Good supply",IF(I91="Low stock","Few left",IF(I91="Out of stock","None",IF(I91="Temporarily unavailable","Unavailable","Unknown"))))) -> - | M91: =IF(L91="","",ROUND((Config!$B$2-L91)*1440,0)) | N91: =IF(K91="Staff verified",Config!$B$4,IF(OR(K91="Authorized student verified",K91="Multiple student reports",K91="Single student report"),Config!$B$3,"")) | O91: =IF(H91="No","n/a",IF(L91="","Unverified Data",IF(M91>N91,"Stale report",K91))) -> n/a | P91: =IF(AND(H91="Yes",OR(I91="Available",I91="Low stock")),IF(O91="Stale report","Verify first","Yes"),"No") -> No | Q91: =IF(H91="Yes","proposed_pending_approval","n/a") -> n/a | R91: =IF(H91="Yes","Retail swipe (proposed) / RU Express / Cash or card","n/a") -> n/a | S91: =INDEX(Products!$I$2:$I$29,MATCH($E91,Products!$A$2:$A$29,0)) -> 2 bags | T91: =IF(H91="Yes",Config!$B$5,"") | U91: =INDEX(Products!$J$2:$J$29,MATCH($E91,Products!$A$2:$A$29,0)) -> No | V91: SIMULATED - proposed campus health-supply program
A92: INV-091 | B92: L04 | C92: =INDEX(Locations!$B$2:$B$9,MATCH($B92,Locations!$A$2:$A$9,0)) -> Henry's Diner | D92: =INDEX(Locations!$C$2:$C$9,MATCH($B92,Locations!$A$2:$A$9,0)) -> Livingston | E92: P07 | F92: =INDEX(Products!$B$2:$B$29,MATCH($E92,Products!$A$2:$A$29,0)) -> Chloraseptic Sore Throat Spray | G92: =INDEX(Products!$C$2:$C$29,MATCH($E92,Products!$A$2:$A$29,0)) -> Cold & cough | H92: No | I92: Not stocked in proposal | J92: =IF(H92="No","-",IF(I92="Available","Good supply",IF(I92="Low stock","Few left",IF(I92="Out of stock","None",IF(I92="Temporarily unavailable","Unavailable","Unknown"))))) -> - | M92: =IF(L92="","",ROUND((Config!$B$2-L92)*1440,0)) | N92: =IF(K92="Staff verified",Config!$B$4,IF(OR(K92="Authorized student verified",K92="Multiple student reports",K92="Single student report"),Config!$B$3,"")) | O92: =IF(H92="No","n/a",IF(L92="","Unverified Data",IF(M92>N92,"Stale report",K92))) -> n/a | P92: =IF(AND(H92="Yes",OR(I92="Available",I92="Low stock")),IF(O92="Stale report","Verify first","Yes"),"No") -> No | Q92: =IF(H92="Yes","proposed_pending_approval","n/a") -> n/a | R92: =IF(H92="Yes","Retail swipe (proposed) / RU Express / Cash or card","n/a") -> n/a | S92: =INDEX(Products!$I$2:$I$29,MATCH($E92,Products!$A$2:$A$29,0)) -> 1 bottle | T92: =IF(H92="Yes",Config!$B$5,"") | U92: =INDEX(Products!$J$2:$J$29,MATCH($E92,Products!$A$2:$A$29,0)) -> No | V92: SIMULATED - proposed campus health-supply program
A93: INV-092 | B93: L04 | C93: =INDEX(Locations!$B$2:$B$9,MATCH($B93,Locations!$A$2:$A$9,0)) -> Henry's Diner | D93: =INDEX(Locations!$C$2:$C$9,MATCH($B93,Locations!$A$2:$A$9,0)) -> Livingston | E93: P08 | F93: =INDEX(Products!$B$2:$B$29,MATCH($E93,Products!$A$2:$A$29,0)) -> Mucinex | G93: =INDEX(Products!$C$2:$C$29,MATCH($E93,Products!$A$2:$A$29,0)) -> Cold & cough | H93: Yes | I93: Available | J93: =IF(H93="No","-",IF(I93="Available","Good supply",IF(I93="Low stock","Few left",IF(I93="Out of stock","None",IF(I93="Temporarily unavailable","Unavailable","Unknown"))))) -> Good supply | K93: Verified student report | L93: 46308.604 | M93: =IF(L93="","",ROUND((Config!$B$2-L93)*1440,0)) -> 30 | N93: =IF(K93="Staff verified",Config!$B$4,IF(OR(K93="Authorized student verified",K93="Multiple student reports",K93="Single student report"),Config!$B$3,"")) | O93: =IF(H93="No","n/a",IF(L93="","Unverified Data",IF(M93>N93,"Stale report",K93))) -> Verified student report | P93: =IF(AND(H93="Yes",OR(I93="Available",I93="Low stock")),IF(O93="Stale report","Verify first","Yes"),"No") -> Yes | Q93: =IF(H93="Yes","proposed_pending_approval","n/a") -> proposed_pending_approval | R93: =IF(H93="Yes","Retail swipe (proposed) / RU Express / Cash or card","n/a") -> Retail swipe (proposed) / RU Express / Cash or card | S93: =INDEX(Products!$I$2:$I$29,MATCH($E93,Products!$A$2:$A$29,0)) -> 1 package | T93: =IF(H93="Yes",Config!$B$5,"") -> 75 | U93: =INDEX(Products!$J$2:$J$29,MATCH($E93,Products!$A$2:$A$29,0)) -> No | V93: SIMULATED - proposed campus health-supply program
A94: INV-093 | B94: L04 | C94: =INDEX(Locations!$B$2:$B$9,MATCH($B94,Locations!$A$2:$A$9,0)) -> Henry's Diner | D94: =INDEX(Locations!$C$2:$C$9,MATCH($B94,Locations!$A$2:$A$9,0)) -> Livingston | E94: P09 | F94: =INDEX(Products!$B$2:$B$29,MATCH($E94,Products!$A$2:$A$29,0)) -> Robitussin DM | G94: =INDEX(Products!$C$2:$C$29,MATCH($E94,Products!$A$2:$A$29,0)) -> Cold & cough | H94: No | I94: Not stocked in proposal | J94: =IF(H94="No","-",IF(I94="Available","Good supply",IF(I94="Low stock","Few left",IF(I94="Out of stock","None",IF(I94="Temporarily unavailable","Unavailable","Unknown"))))) -> - | M94: =IF(L94="","",ROUND((Config!$B$2-L94)*1440,0)) | N94: =IF(K94="Staff verified",Config!$B$4,IF(OR(K94="Authorized student verified",K94="Multiple student reports",K94="Single student report"),Config!$B$3,"")) | O94: =IF(H94="No","n/a",IF(L94="","Unverified Data",IF(M94>N94,"Stale report",K94))) -> n/a | P94: =IF(AND(H94="Yes",OR(I94="Available",I94="Low stock")),IF(O94="Stale report","Verify first","Yes"),"No") -> No | Q94: =IF(H94="Yes","proposed_pending_approval","n/a") -> n/a | R94: =IF(H94="Yes","Retail swipe (proposed) / RU Express / Cash or card","n/a") -> n/a | S94: =INDEX(Products!$I$2:$I$29,MATCH($E94,Products!$A$2:$A$29,0)) -> 1 bottle | T94: =IF(H94="Yes",Config!$B$5,"") | U94: =INDEX(Products!$J$2:$J$29,MATCH($E94,Products!$A$2:$A$29,0)) -> No | V94: SIMULATED - proposed campus health-supply program
A95: INV-094 | B95: L04 | C95: =INDEX(Locations!$B$2:$B$9,MATCH($B95,Locations!$A$2:$A$9,0)) -> Henry's Diner | D95: =INDEX(Locations!$C$2:$C$9,MATCH($B95,Locations!$A$2:$A$9,0)) -> Livingston | E95: P10 | F95: =INDEX(Products!$B$2:$B$29,MATCH($E95,Products!$A$2:$A$29,0)) -> Simply Saline Nasal Mist | G95: =INDEX(Products!$C$2:$C$29,MATCH($E95,Products!$A$2:$A$29,0)) -> Cold & cough | H95: No | I95: Not stocked in proposal | J95: =IF(H95="No","-",IF(I95="Available","Good supply",IF(I95="Low stock","Few left",IF(I95="Out of stock","None",IF(I95="Temporarily unavailable","Unavailable","Unknown"))))) -> - | M95: =IF(L95="","",ROUND((Config!$B$2-L95)*1440,0)) | N95: =IF(K95="Staff verified",Config!$B$4,IF(OR(K95="Authorized student verified",K95="Multiple student reports",K95="Single student report"),Config!$B$3,"")) | O95: =IF(H95="No","n/a",IF(L95="","Unverified Data",IF(M95>N95,"Stale report",K95))) -> n/a | P95: =IF(AND(H95="Yes",OR(I95="Available",I95="Low stock")),IF(O95="Stale report","Verify first","Yes"),"No") -> No | Q95: =IF(H95="Yes","proposed_pending_approval","n/a") -> n/a | R95: =IF(H95="Yes","Retail swipe (proposed) / RU Express / Cash or card","n/a") -> n/a | S95: =INDEX(Products!$I$2:$I$29,MATCH($E95,Products!$A$2:$A$29,0)) -> 1 bottle | T95: =IF(H95="Yes",Config!$B$5,"") | U95: =INDEX(Products!$J$2:$J$29,MATCH($E95,Products!$A$2:$A$29,0)) -> No | V95: SIMULATED - proposed campus health-supply program
A96: INV-095 | B96: L04 | C96: =INDEX(Locations!$B$2:$B$9,MATCH($B96,Locations!$A$2:$A$9,0)) -> Henry's Diner | D96: =INDEX(Locations!$C$2:$C$9,MATCH($B96,Locations!$A$2:$A$9,0)) -> Livingston | E96: P11 | F96: =INDEX(Products!$B$2:$B$29,MATCH($E96,Products!$A$2:$A$29,0)) -> Claritin | G96: =INDEX(Products!$C$2:$C$29,MATCH($E96,Products!$A$2:$A$29,0)) -> Allergy | H96: Yes | I96: Available | J96: =IF(H96="No","-",IF(I96="Available","Good supply",IF(I96="Low stock","Few left",IF(I96="Out of stock","None",IF(I96="Temporarily unavailable","Unavailable","Unknown"))))) -> Good supply | K96: Unverified Data | M96: =IF(L96="","",ROUND((Config!$B$2-L96)*1440,0)) | N96: =IF(K96="Staff verified",Config!$B$4,IF(OR(K96="Authorized student verified",K96="Multiple student reports",K96="Single student report"),Config!$B$3,"")) | O96: =IF(H96="No","n/a",IF(L96="","Unverified Data",IF(M96>N96,"Stale report",K96))) -> Unverified Data | P96: =IF(AND(H96="Yes",OR(I96="Available",I96="Low stock")),IF(O96="Stale report","Verify first","Yes"),"No") -> Yes | Q96: =IF(H96="Yes","proposed_pending_approval","n/a") -> proposed_pending_approval | R96: =IF(H96="Yes","Retail swipe (proposed) / RU Express / Cash or card","n/a") -> Retail swipe (proposed) / RU Express / Cash or card | S96: =INDEX(Products!$I$2:$I$29,MATCH($E96,Products!$A$2:$A$29,0)) -> 1 package | T96: =IF(H96="Yes",Config!$B$5,"") -> 75 | U96: =INDEX(Products!$J$2:$J$29,MATCH($E96,Products!$A$2:$A$29,0)) -> No | V96: SIMULATED - proposed campus health-supply program
A97: INV-096 | B97: L04 | C97: =INDEX(Locations!$B$2:$B$9,MATCH($B97,Locations!$A$2:$A$9,0)) -> Henry's Diner | D97: =INDEX(Locations!$C$2:$C$9,MATCH($B97,Locations!$A$2:$A$9,0)) -> Livingston | E97: P12 | F97: =INDEX(Products!$B$2:$B$29,MATCH($E97,Products!$A$2:$A$29,0)) -> Zyrtec | G97: =INDEX(Products!$C$2:$C$29,MATCH($E97,Products!$A$2:$A$29,0)) -> Allergy | H97: No | I97: Not stocked in proposal | J97: =IF(H97="No","-",IF(I97="Available","Good supply",IF(I97="Low stock","Few left",IF(I97="Out of stock","None",IF(I97="Temporarily unavailable","Unavailable","Unknown"))))) -> - | M97: =IF(L97="","",ROUND((Config!$B$2-L97)*1440,0)) | N97: =IF(K97="Staff verified",Config!$B$4,IF(OR(K97="Authorized student verified",K97="Multiple student reports",K97="Single student report"),Config!$B$3,"")) | O97: =IF(H97="No","n/a",IF(L97="","Unverified Data",IF(M97>N97,"Stale report",K97))) -> n/a | P97: =IF(AND(H97="Yes",OR(I97="Available",I97="Low stock")),IF(O97="Stale report","Verify first","Yes"),"No") -> No | Q97: =IF(H97="Yes","proposed_pending_approval","n/a") -> n/a | R97: =IF(H97="Yes","Retail swipe (proposed) / RU Express / Cash or card","n/a") -> n/a | S97: =INDEX(Products!$I$2:$I$29,MATCH($E97,Products!$A$2:$A$29,0)) -> 1 package | T97: =IF(H97="Yes",Config!$B$5,"") | U97: =INDEX(Products!$J$2:$J$29,MATCH($E97,Products!$A$2:$A$29,0)) -> No | V97: SIMULATED - proposed campus health-supply program
A98: INV-097 | B98: L04 | C98: =INDEX(Locations!$B$2:$B$9,MATCH($B98,Locations!$A$2:$A$9,0)) -> Henry's Diner | D98: =INDEX(Locations!$C$2:$C$9,MATCH($B98,Locations!$A$2:$A$9,0)) -> Livingston | E98: P13 | F98: =INDEX(Products!$B$2:$B$29,MATCH($E98,Products!$A$2:$A$29,0)) -> Benadryl | G98: =INDEX(Products!$C$2:$C$29,MATCH($E98,Products!$A$2:$A$29,0)) -> Allergy | H98: No | I98: Not stocked in proposal | J98: =IF(H98="No","-",IF(I98="Available","Good supply",IF(I98="Low stock","Few left",IF(I98="Out of stock","None",IF(I98="Temporarily unavailable","Unavailable","Unknown"))))) -> - | M98: =IF(L98="","",ROUND((Config!$B$2-L98)*1440,0)) | N98: =IF(K98="Staff verified",Config!$B$4,IF(OR(K98="Authorized student verified",K98="Multiple student reports",K98="Single student report"),Config!$B$3,"")) | O98: =IF(H98="No","n/a",IF(L98="","Unverified Data",IF(M98>N98,"Stale report",K98))) -> n/a | P98: =IF(AND(H98="Yes",OR(I98="Available",I98="Low stock")),IF(O98="Stale report","Verify first","Yes"),"No") -> No | Q98: =IF(H98="Yes","proposed_pending_approval","n/a") -> n/a | R98: =IF(H98="Yes","Retail swipe (proposed) / RU Express / Cash or card","n/a") -> n/a | S98: =INDEX(Products!$I$2:$I$29,MATCH($E98,Products!$A$2:$A$29,0)) -> 1 package | T98: =IF(H98="Yes",Config!$B$5,"") | U98: =INDEX(Products!$J$2:$J$29,MATCH($E98,Products!$A$2:$A$29,0)) -> No | V98: SIMULATED - proposed campus health-supply program
A99: INV-098 | B99: L04 | C99: =INDEX(Locations!$B$2:$B$9,MATCH($B99,Locations!$A$2:$A$9,0)) -> Henry's Diner | D99: =INDEX(Locations!$C$2:$C$9,MATCH($B99,Locations!$A$2:$A$9,0)) -> Livingston | E99: P14 | F99: =INDEX(Products!$B$2:$B$29,MATCH($E99,Products!$A$2:$A$29,0)) -> Tums | G99: =INDEX(Products!$C$2:$C$29,MATCH($E99,Products!$A$2:$A$29,0)) -> Digestive | H99: Yes | I99: Unknown | J99: =IF(H99="No","-",IF(I99="Available","Good supply",IF(I99="Low stock","Few left",IF(I99="Out of stock","None",IF(I99="Temporarily unavailable","Unavailable","Unknown"))))) -> Unknown | K99: Unverified Data | M99: =IF(L99="","",ROUND((Config!$B$2-L99)*1440,0)) | N99: =IF(K99="Staff verified",Config!$B$4,IF(OR(K99="Authorized student verified",K99="Multiple student reports",K99="Single student report"),Config!$B$3,"")) | O99: =IF(H99="No","n/a",IF(L99="","Unverified Data",IF(M99>N99,"Stale report",K99))) -> Unverified Data | P99: =IF(AND(H99="Yes",OR(I99="Available",I99="Low stock")),IF(O99="Stale report","Verify first","Yes"),"No") -> No | Q99: =IF(H99="Yes","proposed_pending_approval","n/a") -> proposed_pending_approval | R99: =IF(H99="Yes","Retail swipe (proposed) / RU Express / Cash or card","n/a") -> Retail swipe (proposed) / RU Express / Cash or card | S99: =INDEX(Products!$I$2:$I$29,MATCH($E99,Products!$A$2:$A$29,0)) -> 1 package | T99: =IF(H99="Yes",Config!$B$5,"") -> 75 | U99: =INDEX(Products!$J$2:$J$29,MATCH($E99,Products!$A$2:$A$29,0)) -> No | V99: SIMULATED - proposed campus health-supply program
A100: INV-099 | B100: L04 | C100: =INDEX(Locations!$B$2:$B$9,MATCH($B100,Locations!$A$2:$A$9,0)) -> Henry's Diner | D100: =INDEX(Locations!$C$2:$C$9,MATCH($B100,Locations!$A$2:$A$9,0)) -> Livingston | E100: P15 | F100: =INDEX(Products!$B$2:$B$29,MATCH($E100,Products!$A$2:$A$29,0)) -> Pepto-Bismol | G100: =INDEX(Products!$C$2:$C$29,MATCH($E100,Products!$A$2:$A$29,0)) -> Digestive | H100: Yes | I100: Available | J100: =IF(H100="No","-",IF(I100="Available","Good supply",IF(I100="Low stock","Few left",IF(I100="Out of stock","None",IF(I100="Temporarily unavailable","Unavailable","Unknown"))))) -> Good supply | K100: Staff verified | L100: 46308.562 | M100: =IF(L100="","",ROUND((Config!$B$2-L100)*1440,0)) -> 90 | N100: =IF(K100="Staff verified",Config!$B$4,IF(OR(K100="Authorized student verified",K100="Multiple student reports",K100="Single student report"),Config!$B$3,"")) -> 240 | O100: =IF(H100="No","n/a",IF(L100="","Unverified Data",IF(M100>N100,"Stale report",K100))) -> Staff verified | P100: =IF(AND(H100="Yes",OR(I100="Available",I100="Low stock")),IF(O100="Stale report","Verify first","Yes"),"No") -> Yes | Q100: =IF(H100="Yes","proposed_pending_approval","n/a") -> proposed_pending_approval | R100: =IF(H100="Yes","Retail swipe (proposed) / RU Express / Cash or card","n/a") -> Retail swipe (proposed) / RU Express / Cash or card | S100: =INDEX(Products!$I$2:$I$29,MATCH($E100,Products!$A$2:$A$29,0)) -> 1 package | T100: =IF(H100="Yes",Config!$B$5,"") -> 75 | U100: =INDEX(Products!$J$2:$J$29,MATCH($E100,Products!$A$2:$A$29,0)) -> No | V100: SIMULATED - proposed campus health-supply program
...

Sheet Verification_Reports
A1: report_id | B1: inventory_id | C1: location_id | D1: product_id | E1: reporter_role | F1: reporter_token | G1: reported_status | H1: reported_at | I1: geofence_distance_m | J1: geofence_radius_m | K1: geofence_result | L1: photo_attached | M1: photo_review | N1: verification_outcome | O1: validity_minutes | P1: expires_at | Q1: valid_at_demo_now | T1: Reports are anonymous tokens only. Photos are not stored in this dataset (the app should delete photos after review and keep metadata).
A2: R-01 | B2: INV-120 | C2: =INDEX(Inventory!$B$2:$B$225,MATCH($B2,Inventory!$A$2:$A$225,0)) -> L05 | D2: =INDEX(Inventory!$E$2:$E$225,MATCH($B2,Inventory!$A$2:$A$225,0)) -> P08 | E2: Rutgers staff | F2: anon-B28D | G2: Available | H2: 46308.521 | J2: =Config!$B$6 -> 150 | K2: =IF(E2="Rutgers staff","n/a (staff)",IF(I2<=J2,"Pass","Fail")) -> n/a (staff) | L2: n/a | M2: n/a | N2: =IF(E2="Rutgers staff","Accepted (staff)",IF(K2="Fail","Rejected (outside geofence)",IF(E2="Authorized student",IF(AND(L2="Yes",M2="Approved"),"Accepted (photo + location verified)","Pending photo review"),"Counted (basic student report)"))) -> Accepted (staff) | O2: =IF(E2="Rutgers staff",Config!$B$4,Config!$B$3) -> 240 | P2: =H2+O2/1440 -> 46308.688 | Q2: =IF(Config!$B$2<=P2,"Valid","Expired") -> Valid
A3: R-02 | B3: INV-070 | C3: =INDEX(Inventory!$B$2:$B$225,MATCH($B3,Inventory!$A$2:$A$225,0)) -> L03 | D3: =INDEX(Inventory!$E$2:$E$225,MATCH($B3,Inventory!$A$2:$A$225,0)) -> P14 | E3: Rutgers staff | F3: anon-5E7B | G3: Available | H3: 46308.542 | J3: =Config!$B$6 -> 150 | K3: =IF(E3="Rutgers staff","n/a (staff)",IF(I3<=J3,"Pass","Fail")) -> n/a (staff) | L3: n/a | M3: n/a | N3: =IF(E3="Rutgers staff","Accepted (staff)",IF(K3="Fail","Rejected (outside geofence)",IF(E3="Authorized student",IF(AND(L3="Yes",M3="Approved"),"Accepted (photo + location verified)","Pending photo review"),"Counted (basic student report)"))) -> Accepted (staff) | O3: =IF(E3="Rutgers staff",Config!$B$4,Config!$B$3) -> 240 | P3: =H3+O3/1440 -> 46308.708 | Q3: =IF(Config!$B$2<=P3,"Valid","Expired") -> Valid
A4: R-03 | B4: INV-148 | C4: =INDEX(Inventory!$B$2:$B$225,MATCH($B4,Inventory!$A$2:$A$225,0)) -> L06 | D4: =INDEX(Inventory!$E$2:$E$225,MATCH($B4,Inventory!$A$2:$A$225,0)) -> P08 | E4: Student (basic) | F4: anon-4B71 | G4: Available | H4: 46308.559 | I4: 29 | J4: =Config!$B$6 -> 150 | K4: =IF(E4="Rutgers staff","n/a (staff)",IF(I4<=J4,"Pass","Fail")) -> Pass | L4: No | M4: n/a | N4: =IF(E4="Rutgers staff","Accepted (staff)",IF(K4="Fail","Rejected (outside geofence)",IF(E4="Authorized student",IF(AND(L4="Yes",M4="Approved"),"Accepted (photo + location verified)","Pending photo review"),"Counted (basic student report)"))) -> Counted (basic student report) | O4: =IF(E4="Rutgers staff",Config!$B$4,Config!$B$3) -> 60 | P4: =H4+O4/1440 -> 46308.601 | Q4: =IF(Config!$B$2<=P4,"Valid","Expired") -> Expired
A5: R-04 | B5: INV-081 | C5: =INDEX(Inventory!$B$2:$B$225,MATCH($B5,Inventory!$A$2:$A$225,0)) -> L03 | D5: =INDEX(Inventory!$E$2:$E$225,MATCH($B5,Inventory!$A$2:$A$225,0)) -> P25 | E5: Rutgers staff | F5: anon-C87B | G5: Low stock | H5: 46308.583 | J5: =Config!$B$6 -> 150 | K5: =IF(E5="Rutgers staff","n/a (staff)",IF(I5<=J5,"Pass","Fail")) -> n/a (staff) | L5: n/a | M5: n/a | N5: =IF(E5="Rutgers staff","Accepted (staff)",IF(K5="Fail","Rejected (outside geofence)",IF(E5="Authorized student",IF(AND(L5="Yes",M5="Approved"),"Accepted (photo + location verified)","Pending photo review"),"Counted (basic student report)"))) -> Accepted (staff) | O5: =IF(E5="Rutgers staff",Config!$B$4,Config!$B$3) -> 240 | P5: =H5+O5/1440 -> 46308.75 | Q5: =IF(Config!$B$2<=P5,"Valid","Expired") -> Valid
A6: R-05 | B6: INV-142 | C6: =INDEX(Inventory!$B$2:$B$225,MATCH($B6,Inventory!$A$2:$A$225,0)) -> L06 | D6: =INDEX(Inventory!$E$2:$E$225,MATCH($B6,Inventory!$A$2:$A$225,0)) -> P02 | E6: Student (basic) | F6: anon-99E0 | G6: Out of stock | H6: 46308.59 | I6: 49 | J6: =Config!$B$6 -> 150 | K6: =IF(E6="Rutgers staff","n/a (staff)",IF(I6<=J6,"Pass","Fail")) -> Pass | L6: No | M6: n/a | N6: =IF(E6="Rutgers staff","Accepted (staff)",IF(K6="Fail","Rejected (outside geofence)",IF(E6="Authorized student",IF(AND(L6="Yes",M6="Approved"),"Accepted (photo + location verified)","Pending photo review"),"Counted (basic student report)"))) -> Counted (basic student report) | O6: =IF(E6="Rutgers staff",Config!$B$4,Config!$B$3) -> 60 | P6: =H6+O6/1440 -> 46308.632 | Q6: =IF(Config!$B$2<=P6,"Valid","Expired") -> Valid
A7: R-06 | B7: INV-001 | C7: =INDEX(Inventory!$B$2:$B$225,MATCH($B7,Inventory!$A$2:$A$225,0)) -> L01 | D7: =INDEX(Inventory!$E$2:$E$225,MATCH($B7,Inventory!$A$2:$A$225,0)) -> P01 | E7: Rutgers staff | F7: anon-8BA7 | G7: Available | H7: 46308.594 | J7: =Config!$B$6 -> 150 | K7: =IF(E7="Rutgers staff","n/a (staff)",IF(I7<=J7,"Pass","Fail")) -> n/a (staff) | L7: n/a | M7: n/a | N7: =IF(E7="Rutgers staff","Accepted (staff)",IF(K7="Fail","Rejected (outside geofence)",IF(E7="Authorized student",IF(AND(L7="Yes",M7="Approved"),"Accepted (photo + location verified)","Pending photo review"),"Counted (basic student report)"))) -> Accepted (staff) | O7: =IF(E7="Rutgers staff",Config!$B$4,Config!$B$3) -> 240 | P7: =H7+O7/1440 -> 46308.76 | Q7: =IF(Config!$B$2<=P7,"Valid","Expired") -> Valid
A8: R-07 | B8: INV-026 | C8: =INDEX(Inventory!$B$2:$B$225,MATCH($B8,Inventory!$A$2:$A$225,0)) -> L01 | D8: =INDEX(Inventory!$E$2:$E$225,MATCH($B8,Inventory!$A$2:$A$225,0)) -> P26 | E8: Authorized student | F8: anon-B82F | G8: Available | H8: 46308.597 | I8: 63 | J8: =Config!$B$6 -> 150 | K8: =IF(E8="Rutgers staff","n/a (staff)",IF(I8<=J8,"Pass","Fail")) -> Pass | L8: Yes | M8: Approved | N8: =IF(E8="Rutgers staff","Accepted (staff)",IF(K8="Fail","Rejected (outside geofence)",IF(E8="Authorized student",IF(AND(L8="Yes",M8="Approved"),"Accepted (photo + location verified)","Pending photo review"),"Counted (basic student report)"))) -> Accepted (photo + location verified) | O8: =IF(E8="Rutgers staff",Config!$B$4,Config!$B$3) -> 60 | P8: =H8+O8/1440 -> 46308.639 | Q8: =IF(Config!$B$2<=P8,"Valid","Expired") -> Valid
A9: R-08 | B9: INV-002 | C9: =INDEX(Inventory!$B$2:$B$225,MATCH($B9,Inventory!$A$2:$A$225,0)) -> L01 | D9: =INDEX(Inventory!$E$2:$E$225,MATCH($B9,Inventory!$A$2:$A$225,0)) -> P02 | E9: Student (basic) | F9: anon-2F76 | G9: Available | H9: 46308.597 | I9: 77 | J9: =Config!$B$6 -> 150 | K9: =IF(E9="Rutgers staff","n/a (staff)",IF(I9<=J9,"Pass","Fail")) -> Pass | L9: No | M9: n/a | N9: =IF(E9="Rutgers staff","Accepted (staff)",IF(K9="Fail","Rejected (outside geofence)",IF(E9="Authorized student",IF(AND(L9="Yes",M9="Approved"),"Accepted (photo + location verified)","Pending photo review"),"Counted (basic student report)"))) -> Counted (basic student report) | O9: =IF(E9="Rutgers staff",Config!$B$4,Config!$B$3) -> 60 | P9: =H9+O9/1440 -> 46308.639 | Q9: =IF(Config!$B$2<=P9,"Valid","Expired") -> Valid
A10: R-09 | B10: INV-073 | C10: =INDEX(Inventory!$B$2:$B$225,MATCH($B10,Inventory!$A$2:$A$225,0)) -> L03 | D10: =INDEX(Inventory!$E$2:$E$225,MATCH($B10,Inventory!$A$2:$A$225,0)) -> P17 | E10: Rutgers staff | F10: anon-03BC | G10: Available | H10: 46308.601 | J10: =Config!$B$6 -> 150 | K10: =IF(E10="Rutgers staff","n/a (staff)",IF(I10<=J10,"Pass","Fail")) -> n/a (staff) | L10: n/a | M10: n/a | N10: =IF(E10="Rutgers staff","Accepted (staff)",IF(K10="Fail","Rejected (outside geofence)",IF(E10="Authorized student",IF(AND(L10="Yes",M10="Approved"),"Accepted (photo + location verified)","Pending photo review"),"Counted (basic student report)"))) -> Accepted (staff) | O10: =IF(E10="Rutgers staff",Config!$B$4,Config!$B$3) -> 240 | P10: =H10+O10/1440 -> 46308.767 | Q10: =IF(Config!$B$2<=P10,"Valid","Expired") -> Valid
A11: R-10 | B11: INV-113 | C11: =INDEX(Inventory!$B$2:$B$225,MATCH($B11,Inventory!$A$2:$A$225,0)) -> L05 | D11: =INDEX(Inventory!$E$2:$E$225,MATCH($B11,Inventory!$A$2:$A$225,0)) -> P01 | E11: Authorized student | F11: anon-D916 | G11: Available | H11: 46308.601 | I11: 29 | J11: =Config!$B$6 -> 150 | K11: =IF(E11="Rutgers staff","n/a (staff)",IF(I11<=J11,"Pass","Fail")) -> Pass | L11: Yes | M11: Approved | N11: =IF(E11="Rutgers staff","Accepted (staff)",IF(K11="Fail","Rejected (outside geofence)",IF(E11="Authorized student",IF(AND(L11="Yes",M11="Approved"),"Accepted (photo + location verified)","Pending photo review"),"Counted (basic student report)"))) -> Accepted (photo + location verified) | O11: =IF(E11="Rutgers staff",Config!$B$4,Config!$B$3) -> 60 | P11: =H11+O11/1440 -> 46308.642 | Q11: =IF(Config!$B$2<=P11,"Valid","Expired") -> Valid
A12: R-11 | B12: INV-214 | C12: =INDEX(Inventory!$B$2:$B$225,MATCH($B12,Inventory!$A$2:$A$225,0)) -> L08 | D12: =INDEX(Inventory!$E$2:$E$225,MATCH($B12,Inventory!$A$2:$A$225,0)) -> P18 | E12: Student (basic) | F12: anon-FCFC | G12: Low stock | H12: 46308.601 | I12: 53 | J12: =Config!$B$6 -> 150 | K12: =IF(E12="Rutgers staff","n/a (staff)",IF(I12<=J12,"Pass","Fail")) -> Pass | L12: No | M12: n/a | N12: =IF(E12="Rutgers staff","Accepted (staff)",IF(K12="Fail","Rejected (outside geofence)",IF(E12="Authorized student",IF(AND(L12="Yes",M12="Approved"),"Accepted (photo + location verified)","Pending photo review"),"Counted (basic student report)"))) -> Counted (basic student report) | O12: =IF(E12="Rutgers staff",Config!$B$4,Config!$B$3) -> 60 | P12: =H12+O12/1440 -> 46308.643 | Q12: =IF(Config!$B$2<=P12,"Valid","Expired") -> Valid
A13: R-12 | B13: INV-029 | C13: =INDEX(Inventory!$B$2:$B$225,MATCH($B13,Inventory!$A$2:$A$225,0)) -> L02 | D13: =INDEX(Inventory!$E$2:$E$225,MATCH($B13,Inventory!$A$2:$A$225,0)) -> P01 | E13: Rutgers staff | F13: anon-947C | G13: Low stock | H13: 46308.604 | J13: =Config!$B$6 -> 150 | K13: =IF(E13="Rutgers staff","n/a (staff)",IF(I13<=J13,"Pass","Fail")) -> n/a (staff) | L13: n/a | M13: n/a | N13: =IF(E13="Rutgers staff","Accepted (staff)",IF(K13="Fail","Rejected (outside geofence)",IF(E13="Authorized student",IF(AND(L13="Yes",M13="Approved"),"Accepted (photo + location verified)","Pending photo review"),"Counted (basic student report)"))) -> Accepted (staff) | O13: =IF(E13="Rutgers staff",Config!$B$4,Config!$B$3) -> 240 | P13: =H13+O13/1440 -> 46308.771 | Q13: =IF(Config!$B$2<=P13,"Valid","Expired") -> Valid
A14: R-13 | B14: INV-046 | C14: =INDEX(Inventory!$B$2:$B$225,MATCH($B14,Inventory!$A$2:$A$225,0)) -> L02 | D14: =INDEX(Inventory!$E$2:$E$225,MATCH($B14,Inventory!$A$2:$A$225,0)) -> P18 | E14: Authorized student | F14: anon-3175 | G14: Available | H14: 46308.608 | I14: 31 | J14: =Config!$B$6 -> 150 | K14: =IF(E14="Rutgers staff","n/a (staff)",IF(I14<=J14,"Pass","Fail")) -> Pass | L14: Yes | M14: Approved | N14: =IF(E14="Rutgers staff","Accepted (staff)",IF(K14="Fail","Rejected (outside geofence)",IF(E14="Authorized student",IF(AND(L14="Yes",M14="Approved"),"Accepted (photo + location verified)","Pending photo review"),"Counted (basic student report)"))) -> Accepted (photo + location verified) | O14: =IF(E14="Rutgers staff",Config!$B$4,Config!$B$3) -> 60 | P14: =H14+O14/1440 -> 46308.649 | Q14: =IF(Config!$B$2<=P14,"Valid","Expired") -> Valid
A15: R-14 | B15: INV-095 | C15: =INDEX(Inventory!$B$2:$B$225,MATCH($B15,Inventory!$A$2:$A$225,0)) -> L04 | D15: =INDEX(Inventory!$E$2:$E$225,MATCH($B15,Inventory!$A$2:$A$225,0)) -> P11 | E15: Authorized student | F15: anon-75F8 | G15: Available | H15: 46308.61 | I15: 420 | J15: =Config!$B$6 -> 150 | K15: =IF(E15="Rutgers staff","n/a (staff)",IF(I15<=J15,"Pass","Fail")) -> Fail | L15: Yes | M15: Approved | N15: =IF(E15="Rutgers staff","Accepted (staff)",IF(K15="Fail","Rejected (outside geofence)",IF(E15="Authorized student",IF(AND(L15="Yes",M15="Approved"),"Accepted (photo + location verified)","Pending photo review"),"Counted (basic student report)"))) -> Rejected (outside geofence) | O15: =IF(E15="Rutgers staff",Config!$B$4,Config!$B$3) -> 60 | P15: =H15+O15/1440 -> 46308.651 | Q15: =IF(Config!$B$2<=P15,"Valid","Expired") -> Valid
A16: R-15 | B16: INV-058 | C16: =INDEX(Inventory!$B$2:$B$225,MATCH($B16,Inventory!$A$2:$A$225,0)) -> L03 | D16: =INDEX(Inventory!$E$2:$E$225,MATCH($B16,Inventory!$A$2:$A$225,0)) -> P02 | E16: Rutgers staff | F16: anon-998F | G16: Out of stock | H16: 46308.611 | J16: =Config!$B$6 -> 150 | K16: =IF(E16="Rutgers staff","n/a (staff)",IF(I16<=J16,"Pass","Fail")) -> n/a (staff) | L16: n/a | M16: n/a | N16: =IF(E16="Rutgers staff","Accepted (staff)",IF(K16="Fail","Rejected (outside geofence)",IF(E16="Authorized student",IF(AND(L16="Yes",M16="Approved"),"Accepted (photo + location verified)","Pending photo review"),"Counted (basic student report)"))) -> Accepted (staff) | O16: =IF(E16="Rutgers staff",Config!$B$4,Config!$B$3) -> 240 | P16: =H16+O16/1440 -> 46308.778 | Q16: =IF(Config!$B$2<=P16,"Valid","Expired") -> Valid
A17: R-16 | B17: INV-214 | C17: =INDEX(Inventory!$B$2:$B$225,MATCH($B17,Inventory!$A$2:$A$225,0)) -> L08 | D17: =INDEX(Inventory!$E$2:$E$225,MATCH($B17,Inventory!$A$2:$A$225,0)) -> P18 | E17: Student (basic) | F17: anon-C181 | G17: Low stock | H17: 46308.611 | I17: 117 | J17: =Config!$B$6 -> 150 | K17: =IF(E17="Rutgers staff","n/a (staff)",IF(I17<=J17,"Pass","Fail")) -> Pass | L17: No | M17: n/a | N17: =IF(E17="Rutgers staff","Accepted (staff)",IF(K17="Fail","Rejected (outside geofence)",IF(E17="Authorized student",IF(AND(L17="Yes",M17="Approved"),"Accepted (photo + location verified)","Pending photo review"),"Counted (basic student report)"))) -> Counted (basic student report) | O17: =IF(E17="Rutgers staff",Config!$B$4,Config!$B$3) -> 60 | P17: =H17+O17/1440 -> 46308.653 | Q17: =IF(Config!$B$2<=P17,"Valid","Expired") -> Valid
A18: R-17 | B18: INV-086 | C18: =INDEX(Inventory!$B$2:$B$225,MATCH($B18,Inventory!$A$2:$A$225,0)) -> L04 | D18: =INDEX(Inventory!$E$2:$E$225,MATCH($B18,Inventory!$A$2:$A$225,0)) -> P02 | E18: Authorized student | F18: anon-823F | G18: Low stock | H18: 46308.615 | I18: 67 | J18: =Config!$B$6 -> 150 | K18: =IF(E18="Rutgers staff","n/a (staff)",IF(I18<=J18,"Pass","Fail")) -> Pass | L18: Yes | M18: Approved | N18: =IF(E18="Rutgers staff","Accepted (staff)",IF(K18="Fail","Rejected (outside geofence)",IF(E18="Authorized student",IF(AND(L18="Yes",M18="Approved"),"Accepted (photo + location verified)","Pending photo review"),"Counted (basic student report)"))) -> Accepted (photo + location verified) | O18: =IF(E18="Rutgers staff",Config!$B$4,Config!$B$3) -> 60 | P18: =H18+O18/1440 -> 46308.656 | Q18: =IF(Config!$B$2<=P18,"Valid","Expired") -> Valid
A19: R-18 | B19: INV-002 | C19: =INDEX(Inventory!$B$2:$B$225,MATCH($B19,Inventory!$A$2:$A$225,0)) -> L01 | D19: =INDEX(Inventory!$E$2:$E$225,MATCH($B19,Inventory!$A$2:$A$225,0)) -> P02 | E19: Student (basic) | F19: anon-3B4E | G19: Out of stock | H19: 46308.617 | I19: 116 | J19: =Config!$B$6 -> 150 | K19: =IF(E19="Rutgers staff","n/a (staff)",IF(I19<=J19,"Pass","Fail")) -> Pass | L19: No | M19: n/a | N19: =IF(E19="Rutgers staff","Accepted (staff)",IF(K19="Fail","Rejected (outside geofence)",IF(E19="Authorized student",IF(AND(L19="Yes",M19="Approved"),"Accepted (photo + location verified)","Pending photo review"),"Counted (basic student report)"))) -> Counted (basic student report) | O19: =IF(E19="Rutgers staff",Config!$B$4,Config!$B$3) -> 60 | P19: =H19+O19/1440 -> 46308.658 | Q19: =IF(Config!$B$2<=P19,"Valid","Expired") -> Valid
A20: R-19 | B20: INV-141 | C20: =INDEX(Inventory!$B$2:$B$225,MATCH($B20,Inventory!$A$2:$A$225,0)) -> L06 | D20: =INDEX(Inventory!$E$2:$E$225,MATCH($B20,Inventory!$A$2:$A$225,0)) -> P01 | E20: Authorized student | F20: anon-BCE8 | G20: Available | H20: 46308.619 | I20: 50 | J20: =Config!$B$6 -> 150 | K20: =IF(E20="Rutgers staff","n/a (staff)",IF(I20<=J20,"Pass","Fail")) -> Pass | L20: Yes | M20: Pending | N20: =IF(E20="Rutgers staff","Accepted (staff)",IF(K20="Fail","Rejected (outside geofence)",IF(E20="Authorized student",IF(AND(L20="Yes",M20="Approved"),"Accepted (photo + location verified)","Pending photo review"),"Counted (basic student report)"))) -> Pending photo review | O20: =IF(E20="Rutgers staff",Config!$B$4,Config!$B$3) -> 60 | P20: =H20+O20/1440 -> 46308.66 | Q20: =IF(Config!$B$2<=P20,"Valid","Expired") -> Valid
A21: R-20 | B21: INV-170 | C21: =INDEX(Inventory!$B$2:$B$225,MATCH($B21,Inventory!$A$2:$A$225,0)) -> L07 | D21: =INDEX(Inventory!$E$2:$E$225,MATCH($B21,Inventory!$A$2:$A$225,0)) -> P02 | E21: Authorized student | F21: anon-C39B | G21: Low stock | H21: 46308.621 | I21: 40 | J21: =Config!$B$6 -> 150 | K21: =IF(E21="Rutgers staff","n/a (staff)",IF(I21<=J21,"Pass","Fail")) -> Pass | L21: Yes | M21: Pending | N21: =IF(E21="Rutgers staff","Accepted (staff)",IF(K21="Fail","Rejected (outside geofence)",IF(E21="Authorized student",IF(AND(L21="Yes",M21="Approved"),"Accepted (photo + location verified)","Pending photo review"),"Counted (basic student report)"))) -> Pending photo review | O21: =IF(E21="Rutgers staff",Config!$B$4,Config!$B$3) -> 60 | P21: =H21+O21/1440 -> 46308.662 | Q21: =IF(Config!$B$2<=P21,"Valid","Expired") -> Valid

Sheet Reservations
A1: reservation_id | B1: inventory_id | C1: location_name | D1: product_name | E1: reserved_by_token | F1: created_at | G1: expires_at | H1: status | I1: effective_status | J1: minutes_remaining | K1: pickup_method | L1: payment_method | M1: quantity | N1: pickup_code_mock | O1: collected_at | Q1: 'Proposed ...' payment methods do not exist today; they are what the project would ask Rutgers to approve. pickup_code_mock values are random placeholders.
A2: RES-01 | B2: INV-073 | C2: =INDEX(Inventory!$C$2:$C$225,MATCH($B2,Inventory!$A$2:$A$225,0)) -> Kilmer's Market | D2: =INDEX(Inventory!$F$2:$F$225,MATCH($B2,Inventory!$A$2:$A$225,0)) -> Pedialyte | E2: anon-E96C | F2: 46308.611 | G2: =F2+Config!$B$5/1440 -> 46308.663 | H2: Active | I2: =IF(AND(H2="Active",Config!$B$2>G2),"Expired (auto)",H2) -> Active | J2: =IF(I2="Active",ROUND((G2-Config!$B$2)*1440,0),"") -> 55 | K2: Authorized friend pickup | L2: Proposed campus health credit | M2: 1 | N2: QR-990B4D
A3: RES-02 | B3: INV-001 | C3: =INDEX(Inventory!$C$2:$C$225,MATCH($B3,Inventory!$A$2:$A$225,0)) -> The Atrium | D3: =INDEX(Inventory!$F$2:$F$225,MATCH($B3,Inventory!$A$2:$A$225,0)) -> Tylenol Extra Strength | E3: anon-1608 | F3: 46308.59 | G3: =F3+Config!$B$5/1440 -> 46308.642 | H3: Collected | I3: =IF(AND(H3="Active",Config!$B$2>G3),"Expired (auto)",H3) -> Collected | J3: =IF(I3="Active",ROUND((G3-Config!$B$2)*1440,0),"") | K3: Self pickup | L3: RU Express | M3: 1 | N3: QR-AF2F0B | O3: 46308.599
A4: RES-03 | B4: INV-214 | C4: =INDEX(Inventory!$C$2:$C$225,MATCH($B4,Inventory!$A$2:$A$225,0)) -> Douglass Cafe | D4: =INDEX(Inventory!$F$2:$F$225,MATCH($B4,Inventory!$A$2:$A$225,0)) -> Digital thermometer (brand varies) | E4: anon-B1F7 | F4: 46308.615 | G4: =F4+Config!$B$5/1440 -> 46308.667 | H4: Active | I4: =IF(AND(H4="Active",Config!$B$2>G4),"Expired (auto)",H4) -> Active | J4: =IF(I4="Active",ROUND((G4-Config!$B$2)*1440,0),"") -> 60 | K4: Self pickup | L4: Proposed retail swipe | M4: 1 | N4: QR-6348C3
A5: RES-04 | B5: INV-046 | C5: =INDEX(Inventory!$C$2:$C$225,MATCH($B5,Inventory!$A$2:$A$225,0)) -> Cafe West | D5: =INDEX(Inventory!$F$2:$F$225,MATCH($B5,Inventory!$A$2:$A$225,0)) -> Digital thermometer (brand varies) | E5: anon-1138 | F5: 46308.604 | G5: =F5+Config!$B$5/1440 -> 46308.656 | H5: Active | I5: =IF(AND(H5="Active",Config!$B$2>G5),"Expired (auto)",H5) -> Active | J5: =IF(I5="Active",ROUND((G5-Config!$B$2)*1440,0),"") -> 45 | K5: Self pickup | L5: Proposed retail swipe | M5: 1 | N5: QR-63B8B3
A6: RES-05 | B6: INV-120 | C6: =INDEX(Inventory!$C$2:$C$225,MATCH($B6,Inventory!$A$2:$A$225,0)) -> Harvest Juice Bar | D6: =INDEX(Inventory!$F$2:$F$225,MATCH($B6,Inventory!$A$2:$A$225,0)) -> Mucinex | E6: anon-04C3 | F6: 46308.618 | G6: =F6+Config!$B$5/1440 -> 46308.67 | H6: Active | I6: =IF(AND(H6="Active",Config!$B$2>G6),"Expired (auto)",H6) -> Active | J6: =IF(I6="Active",ROUND((G6-Config!$B$2)*1440,0),"") -> 65 | K6: Self pickup | L6: Cash or card | M6: 1 | N6: QR-070F4D
A7: RES-06 | B7: INV-086 | C7: =INDEX(Inventory!$C$2:$C$225,MATCH($B7,Inventory!$A$2:$A$225,0)) -> Henry's Diner | D7: =INDEX(Inventory!$F$2:$F$225,MATCH($B7,Inventory!$A$2:$A$225,0)) -> Advil | E7: anon-049B | F7: 46308.597 | G7: =F7+Config!$B$5/1440 -> 46308.649 | H7: Cancelled | I7: =IF(AND(H7="Active",Config!$B$2>G7),"Expired (auto)",H7) -> Cancelled | J7: =IF(I7="Active",ROUND((G7-Config!$B$2)*1440,0),"") | K7: Self pickup | L7: RU Express | M7: 1 | N7: QR-61FCA6
A8: RES-07 | B8: INV-070 | C8: =INDEX(Inventory!$C$2:$C$225,MATCH($B8,Inventory!$A$2:$A$225,0)) -> Kilmer's Market | D8: =INDEX(Inventory!$F$2:$F$225,MATCH($B8,Inventory!$A$2:$A$225,0)) -> Tums | E8: anon-4248 | F8: 46308.556 | G8: =F8+Config!$B$5/1440 -> 46308.608 | H8: Active | I8: =IF(AND(H8="Active",Config!$B$2>G8),"Expired (auto)",H8) -> Expired (auto) | J8: =IF(I8="Active",ROUND((G8-Config!$B$2)*1440,0),"") | K8: Authorized friend pickup | L8: Proposed campus health credit | M8: 1 | N8: QR-5A59A7
A9: RES-08 | B9: INV-029 | C9: =INDEX(Inventory!$C$2:$C$225,MATCH($B9,Inventory!$A$2:$A$225,0)) -> Cafe West | D9: =INDEX(Inventory!$F$2:$F$225,MATCH($B9,Inventory!$A$2:$A$225,0)) -> Tylenol Extra Strength | E9: anon-D222 | F9: 46308.617 | G9: =F9+Config!$B$5/1440 -> 46308.669 | H9: Active | I9: =IF(AND(H9="Active",Config!$B$2>G9),"Expired (auto)",H9) -> Active | J9: =IF(I9="Active",ROUND((G9-Config!$B$2)*1440,0),"") -> 63 | K9: Self pickup | L9: Proposed retail swipe | M9: 1 | N9: QR-BE32E0
A10: RES-09 | B10: INV-029 | C10: =INDEX(Inventory!$C$2:$C$225,MATCH($B10,Inventory!$A$2:$A$225,0)) -> Cafe West | D10: =INDEX(Inventory!$F$2:$F$225,MATCH($B10,Inventory!$A$2:$A$225,0)) -> Tylenol Extra Strength | E10: anon-A27F | F10: 46308.619 | G10: =F10+Config!$B$5/1440 -> 46308.671 | H10: Declined (first come, first served) | I10: =IF(AND(H10="Active",Config!$B$2>G10),"Expired (auto)",H10) -> Declined (first come, first served) | J10: =IF(I10="Active",ROUND((G10-Config!$B$2)*1440,0),"") | K10: Self pickup | L10: Proposed retail swipe | M10: 1 | N10: QR-8624D2
A11: RES-10 | B11: INV-026 | C11: =INDEX(Inventory!$C$2:$C$225,MATCH($B11,Inventory!$A$2:$A$225,0)) -> The Atrium | D11: =INDEX(Inventory!$F$2:$F$225,MATCH($B11,Inventory!$A$2:$A$225,0)) -> Tampax Pearl Tampons | E11: anon-741B | F11: 46308.576 | G11: =F11+Config!$B$5/1440 -> 46308.628 | H11: Collected | I11: =IF(AND(H11="Active",Config!$B$2>G11),"Expired (auto)",H11) -> Collected | J11: =IF(I11="Active",ROUND((G11-Config!$B$2)*1440,0),"") | K11: Self pickup | L11: RU Express | M11: 1 | N11: QR-9B6D66 | O11: 46308.582

Sheet Distance_Matrix
A1: Straight-line distance (km) between locations - formula from the Locations coordinates
A2: from \ to | B2: The Atrium | C2: Cafe West | D2: Kilmer's Market | E2: Henry's Diner | F2: Harvest Juice Bar | G2: Woody's Cafe | H2: Cook Cafe | I2: Douglass Cafe
A3: The Atrium | B3: =IF(OR(Locations!$E$2="",Locations!$E$2="",Locations!$F$2="",Locations!$F$2=""),"n/a",ROUND(6371*2*ASIN(SQRT(SIN(RADIANS(Locations!$E$2-Locations!$E$2)/2)^2+COS(RADIANS(Locations!$E$2))*COS(RADIANS(Locations!$E$2))*SIN(RADIANS(Locations!$F$2-Locations!$F$2)/2)^2)),2)) -> 0 | C3: =IF(OR(Locations!$E$2="",Locations!$E$3="",Locations!$F$2="",Locations!$F$3=""),"n/a",ROUND(6371*2*ASIN(SQRT(SIN(RADIANS(Locations!$E$3-Locations!$E$2)/2)^2+COS(RADIANS(Locations!$E$2))*COS(RADIANS(Locations!$E$3))*SIN(RADIANS(Locations!$F$3-Locations!$F$2)/2)^2)),2)) -> 0.54 | D3: =IF(OR(Locations!$E$2="",Locations!$E$4="",Locations!$F$2="",Locations!$F$4=""),"n/a",ROUND(6371*2*ASIN(SQRT(SIN(RADIANS(Locations!$E$4-Locations!$E$2)/2)^2+COS(RADIANS(Locations!$E$2))*COS(RADIANS(Locations!$E$4))*SIN(RADIANS(Locations!$F$4-Locations!$F$2)/2)^2)),2)) -> 2.88 | E3: =IF(OR(Locations!$E$2="",Locations!$E$5="",Locations!$F$2="",Locations!$F$5=""),"n/a",ROUND(6371*2*ASIN(SQRT(SIN(RADIANS(Locations!$E$5-Locations!$E$2)/2)^2+COS(RADIANS(Locations!$E$2))*COS(RADIANS(Locations!$E$5))*SIN(RADIANS(Locations!$F$5-Locations!$F$2)/2)^2)),2)) -> 2.98 | F3: =IF(OR(Locations!$E$2="",Locations!$E$6="",Locations!$F$2="",Locations!$F$6=""),"n/a",ROUND(6371*2*ASIN(SQRT(SIN(RADIANS(Locations!$E$6-Locations!$E$2)/2)^2+COS(RADIANS(Locations!$E$2))*COS(RADIANS(Locations!$E$6))*SIN(RADIANS(Locations!$F$6-Locations!$F$2)/2)^2)),2)) -> 2.33 | G3: =IF(OR(Locations!$E$2="",Locations!$E$7="",Locations!$F$2="",Locations!$F$7=""),"n/a",ROUND(6371*2*ASIN(SQRT(SIN(RADIANS(Locations!$E$7-Locations!$E$2)/2)^2+COS(RADIANS(Locations!$E$2))*COS(RADIANS(Locations!$E$7))*SIN(RADIANS(Locations!$F$7-Locations!$F$2)/2)^2)),2)) -> 2.67 | H3: =IF(OR(Locations!$E$2="",Locations!$E$8="",Locations!$F$2="",Locations!$F$8=""),"n/a",ROUND(6371*2*ASIN(SQRT(SIN(RADIANS(Locations!$E$8-Locations!$E$2)/2)^2+COS(RADIANS(Locations!$E$2))*COS(RADIANS(Locations!$E$8))*SIN(RADIANS(Locations!$F$8-Locations!$F$2)/2)^2)),2)) -> n/a | I3: =IF(OR(Locations!$E$2="",Locations!$E$9="",Locations!$F$2="",Locations!$F$9=""),"n/a",ROUND(6371*2*ASIN(SQRT(SIN(RADIANS(Locations!$E$9-Locations!$E$2)/2)^2+COS(RADIANS(Locations!$E$2))*COS(RADIANS(Locations!$E$9))*SIN(RADIANS(Locations!$F$9-Locations!$F$2)/2)^2)),2)) -> 2.54
A4: Cafe West | B4: =IF(OR(Locations!$E$3="",Locations!$E$2="",Locations!$F$3="",Locations!$F$2=""),"n/a",ROUND(6371*2*ASIN(SQRT(SIN(RADIANS(Locations!$E$2-Locations!$E$3)/2)^2+COS(RADIANS(Locations!$E$3))*COS(RADIANS(Locations!$E$2))*SIN(RADIANS(Locations!$F$2-Locations!$F$3)/2)^2)),2)) -> 0.54 | C4: =IF(OR(Locations!$E$3="",Locations!$E$3="",Locations!$F$3="",Locations!$F$3=""),"n/a",ROUND(6371*2*ASIN(SQRT(SIN(RADIANS(Locations!$E$3-Locations!$E$3)/2)^2+COS(RADIANS(Locations!$E$3))*COS(RADIANS(Locations!$E$3))*SIN(RADIANS(Locations!$F$3-Locations!$F$3)/2)^2)),2)) -> 0 | D4: =IF(OR(Locations!$E$3="",Locations!$E$4="",Locations!$F$3="",Locations!$F$4=""),"n/a",ROUND(6371*2*ASIN(SQRT(SIN(RADIANS(Locations!$E$4-Locations!$E$3)/2)^2+COS(RADIANS(Locations!$E$3))*COS(RADIANS(Locations!$E$4))*SIN(RADIANS(Locations!$F$4-Locations!$F$3)/2)^2)),2)) -> 2.75 | E4: =IF(OR(Locations!$E$3="",Locations!$E$5="",Locations!$F$3="",Locations!$F$5=""),"n/a",ROUND(6371*2*ASIN(SQRT(SIN(RADIANS(Locations!$E$5-Locations!$E$3)/2)^2+COS(RADIANS(Locations!$E$3))*COS(RADIANS(Locations!$E$5))*SIN(RADIANS(Locations!$F$5-Locations!$F$3)/2)^2)),2)) -> 2.96 | F4: =IF(OR(Locations!$E$3="",Locations!$E$6="",Locations!$F$3="",Locations!$F$6=""),"n/a",ROUND(6371*2*ASIN(SQRT(SIN(RADIANS(Locations!$E$6-Locations!$E$3)/2)^2+COS(RADIANS(Locations!$E$3))*COS(RADIANS(Locations!$E$6))*SIN(RADIANS(Locations!$F$6-Locations!$F$3)/2)^2)),2)) -> 2.58 | G4: =IF(OR(Locations!$E$3="",Locations!$E$7="",Locations!$F$3="",Locations!$F$7=""),"n/a",ROUND(6371*2*ASIN(SQRT(SIN(RADIANS(Locations!$E$7-Locations!$E$3)/2)^2+COS(RADIANS(Locations!$E$3))*COS(RADIANS(Locations!$E$7))*SIN(RADIANS(Locations!$F$7-Locations!$F$3)/2)^2)),2)) -> 3.02 | H4: =IF(OR(Locations!$E$3="",Locations!$E$8="",Locations!$F$3="",Locations!$F$8=""),"n/a",ROUND(6371*2*ASIN(SQRT(SIN(RADIANS(Locations!$E$8-Locations!$E$3)/2)^2+COS(RADIANS(Locations!$E$3))*COS(RADIANS(Locations!$E$8))*SIN(RADIANS(Locations!$F$8-Locations!$F$3)/2)^2)),2)) -> n/a | I4: =IF(OR(Locations!$E$3="",Locations!$E$9="",Locations!$F$3="",Locations!$F$9=""),"n/a",ROUND(6371*2*ASIN(SQRT(SIN(RADIANS(Locations!$E$9-Locations!$E$3)/2)^2+COS(RADIANS(Locations!$E$3))*COS(RADIANS(Locations!$E$9))*SIN(RADIANS(Locations!$F$9-Locations!$F$3)/2)^2)),2)) -> 2.18
A5: Kilmer's Market | B5: =IF(OR(Locations!$E$4="",Locations!$E$2="",Locations!$F$4="",Locations!$F$2=""),"n/a",ROUND(6371*2*ASIN(SQRT(SIN(RADIANS(Locations!$E$2-Locations!$E$4)/2)^2+COS(RADIANS(Locations!$E$4))*COS(RADIANS(Locations!$E$2))*SIN(RADIANS(Locations!$F$2-Locations!$F$4)/2)^2)),2)) -> 2.88 | C5: =IF(OR(Locations!$E$4="",Locations!$E$3="",Locations!$F$4="",Locations!$F$3=""),"n/a",ROUND(6371*2*ASIN(SQRT(SIN(RADIANS(Locations!$E$3-Locations!$E$4)/2)^2+COS(RADIANS(Locations!$E$4))*COS(RADIANS(Locations!$E$3))*SIN(RADIANS(Locations!$F$3-Locations!$F$4)/2)^2)),2)) -> 2.75 | D5: =IF(OR(Locations!$E$4="",Locations!$E$4="",Locations!$F$4="",Locations!$F$4=""),"n/a",ROUND(6371*2*ASIN(SQRT(SIN(RADIANS(Locations!$E$4-Locations!$E$4)/2)^2+COS(RADIANS(Locations!$E$4))*COS(RADIANS(Locations!$E$4))*SIN(RADIANS(Locations!$F$4-Locations!$F$4)/2)^2)),2)) -> 0 | E5: =IF(OR(Locations!$E$4="",Locations!$E$5="",Locations!$F$4="",Locations!$F$5=""),"n/a",ROUND(6371*2*ASIN(SQRT(SIN(RADIANS(Locations!$E$5-Locations!$E$4)/2)^2+COS(RADIANS(Locations!$E$4))*COS(RADIANS(Locations!$E$5))*SIN(RADIANS(Locations!$F$5-Locations!$F$4)/2)^2)),2)) -> 0.62 | F5: =IF(OR(Locations!$E$4="",Locations!$E$6="",Locations!$F$4="",Locations!$F$6=""),"n/a",ROUND(6371*2*ASIN(SQRT(SIN(RADIANS(Locations!$E$6-Locations!$E$4)/2)^2+COS(RADIANS(Locations!$E$4))*COS(RADIANS(Locations!$E$6))*SIN(RADIANS(Locations!$F$6-Locations!$F$4)/2)^2)),2)) -> 1.89 | G5: =IF(OR(Locations!$E$4="",Locations!$E$7="",Locations!$F$4="",Locations!$F$7=""),"n/a",ROUND(6371*2*ASIN(SQRT(SIN(RADIANS(Locations!$E$7-Locations!$E$4)/2)^2+COS(RADIANS(Locations!$E$4))*COS(RADIANS(Locations!$E$7))*SIN(RADIANS(Locations!$F$7-Locations!$F$4)/2)^2)),2)) -> 2.53 | H5: =IF(OR(Locations!$E$4="",Locations!$E$8="",Locations!$F$4="",Locations!$F$8=""),"n/a",ROUND(6371*2*ASIN(SQRT(SIN(RADIANS(Locations!$E$8-Locations!$E$4)/2)^2+COS(RADIANS(Locations!$E$4))*COS(RADIANS(Locations!$E$8))*SIN(RADIANS(Locations!$F$8-Locations!$F$4)/2)^2)),2)) -> n/a | I5: =IF(OR(Locations!$E$4="",Locations!$E$9="",Locations!$F$4="",Locations!$F$9=""),"n/a",ROUND(6371*2*ASIN(SQRT(SIN(RADIANS(Locations!$E$9-Locations!$E$4)/2)^2+COS(RADIANS(Locations!$E$4))*COS(RADIANS(Locations!$E$9))*SIN(RADIANS(Locations!$F$9-Locations!$F$4)/2)^2)),2)) -> 4.56
